time,open,high,low,close,Volume
1525440600,3.2075,3.27,3.185,3.25,19613756
1525699800,3.255,3.25725,3.19375,3.2225,12474080
1525786200,3.21,3.235,3.1375,3.1975,15356148
1525872600,3.205,3.24,3.1525,3.2325,15011568
1525959000,3.24,3.3,3.22,3.2575,12473920
1526045400,3.15,3.21,3.11625,3.1775,22029448
1526304600,3.1725,3.37,3.1525,3.315,23629448
1526391000,3.3125,3.4025,3.3075,3.3775,15160636
1526477400,3.4375,3.47,3.3325,3.3875,26953948
1526563800,3.375,3.4425,3.37,3.405,11648260
1526650200,3.3825,3.3825,3.06375,3.115,40947764
1526909400,3.13,3.22125,3.1225,3.195,20262852
1526995800,3.195,3.2275,3.135,3.1675,18169648
1527082200,3.135,3.1875,3.11,3.18,12640264
1527168600,3.145,3.195,3.1125,3.185,12308092
1527255000,3.19,3.2,3.145,3.1675,9775984
1527600600,3.145,3.2775,3.1375,3.2625,16962648
1527687000,3.275,3.4,3.2225,3.355,19965372
1527773400,3.37,3.3975,3.2425,3.3,25956912
1527859800,3.2,3.43,3.1975,3.43,103295952
1528119000,3.4475,3.5625,3.36,3.56,29186344
1528205400,3.56,3.6625,3.5,3.65,22785860
1528291800,3.67,3.6725,3.5625,3.605,20594248
1528378200,3.625,3.6625,3.59185,3.6225,12854564
1528464600,3.6325,3.655,3.60125,3.6325,20123812
1528723800,3.5375,3.5825,3.515,3.5725,18871140
1528810200,3.58,3.5925,3.5125,3.5125,13536324
1528896600,3.4925,3.4925,3.2625,3.3325,35296504
1528983000,3.325,3.33,3.175,3.2125,30128616
1529069400,3.19,3.59,3.19,3.49,52570788
1529328600,3.4875,3.945,3.3425,3.8,95155452
1529415000,3.8375,3.94,3.775,3.9375,40562284
1529501400,3.945,3.9525,3.83,3.9275,20656780
1529587800,3.9525,3.995,3.8725,3.8825,14252568
1529674200,3.8875,3.92125,3.7775,3.88,47571284
1529933400,3.8525,3.93,3.735,3.7775,10738972
1530019800,3.7975,3.8,3.6725,3.7425,10790056
1530106200,3.75,3.7925,3.645,3.65,9023032
1530192600,3.6475,3.7225,3.6225,3.72,7620808
1530279000,3.7475,3.7675,3.6275,3.6425,13604236
1530538200,3.6475,3.675,3.5075,3.54,14893176
1530624600,3.5425,3.5775,3.5,3.5125,5157204
1530797400,3.52,3.675,3.51,3.6575,18887208
1530883800,3.6675,3.8075,3.66,3.7875,16204424
1531143000,3.8925,3.90625,3.79125,3.8675,15678268
1531229400,3.8825,3.885,3.7025,3.715,11666840
1531315800,3.6925,3.7075,3.615,3.675,9150748
1531402200,3.6875,3.78,3.685,3.7725,7703692
1531488600,3.7475,3.865,3.7475,3.82,9328824
1531747800,3.8175,3.845,3.76375,3.805,7226052
1531834200,3.7925,3.855,3.635,3.645,12180356
1531920600,3.65,3.6625,3.57875,3.645,8199868
1532007000,3.645,3.7575,3.625,3.73,6913568
1532093400,3.7275,3.8025,3.72,3.77,8591404
1532352600,3.7625,3.7725,3.695,3.7225,7335272
1532439000,3.745,3.745,3.665,3.695,6170756
1532525400,3.6725,3.676,3.5625,3.6275,13345780
1532611800,3.6275,3.76,3.625,3.7025,6757388
1532698200,3.7275,3.7425,3.6375,3.7075,5663700
1532957400,3.72,3.745,3.6475,3.675,6311776
1533043800,3.68,3.6825,3.6025,3.6025,11029940
1533130200,3.605,3.72,3.6,3.6825,8318796
1533216600,3.6525,3.69375,3.6025,3.655,10116368
1533303000,3.6725,3.725,3.65,3.7125,10228952
1533562200,3.72,3.745,3.685,3.715,8300196
1533648600,3.73,3.80375,3.705,3.78,7813724
1533735000,3.78,3.82875,3.7525,3.8125,8715468
1533821400,3.8125,3.865,3.745,3.8025,9370924
1533907800,3.795,3.9,3.775,3.83,9666664
1534167000,3.8375,3.845,3.7775,3.8025,8403788
1534253400,3.8175,3.8925,3.79875,3.875,7813652
1534339800,3.865,3.87375,3.7975,3.855,8390444
1534426200,3.885,3.89,3.80375,3.805,6878948
1534512600,3.7925,3.8375,3.7475,3.8325,6533040
1534771800,3.85,3.995,3.8375,3.9625,14427712
1534858200,4,4.1425,3.95625,4.1225,20773212
1534944600,4.135,4.3175,4.1275,4.245,26422372
1535031000,4.245,4.3025,4.155,4.19,14334028
1535117400,4.19,4.20995,4.05,4.1375,18102200
1535376600,4.1175,4.125,3.6375,3.6775,58779672
1535463000,3.6775,3.6875,3.5,3.5075,27287868
1535549400,3.535,3.575,3.4375,3.53,16398324
1535635800,3.4975,3.4975,3.38,3.395,15733788
1535722200,3.4025,3.4075,3.295,3.3175,14897132
1536067800,3.2925,3.525,3.27,3.5125,23744128
1536154200,3.4925,4.1325,3.49,4.065,69886508
1536240600,4.0375,4.0625,3.77,4.035,27108656
1536327000,3.8125,4.095,3.69,4.0325,27184100
1536586200,4.04,4.0875,3.9675,4,10911196
1536672600,4,4.150025,4,4.04,11164332
1536759000,4.0425,4.19,4.0425,4.165,13584512
1536845400,4.1775,4.26,4.1525,4.26,14758820
1536931800,4.2425,4.25,4.11625,4.1975,12022164
1537191000,4.1775,4.215,4.125,4.1525,8927952
1537277400,4.105,4.17,4.08625,4.125,7147320
1537363800,4.125,4.2,4.1125,4.15,7192972
1537450200,4.15,4.2025,4.1125,4.1225,6416212
1537536600,4.1125,4.1875,4.10875,4.13,12163736
1537795800,4.105,4.105,3.8725,3.88,14310656
1537882200,3.91,4.0225,3.825,4.005,8250144
1537968600,4.035,4.035,3.88375,3.8975,7605232
1538055000,3.92,3.9375,3.85625,3.8875,8097552
1538141400,3.885,3.962125,3.7975,3.8175,10103372
1538400600,3.82,3.885,3.745,3.82,16239036
1538487000,3.7925,3.8275,3.71,3.7175,11512804
1538573400,3.75,3.7925,3.6875,3.73,8054572
1538659800,3.7425,3.78,3.67875,3.705,6086296
1538746200,3.7075,3.7325,3.645,3.67,9294700
1539005400,3.6775,3.7975,3.665,3.745,9040296
1539091800,3.7325,3.862475,3.675,3.69,9622844
1539178200,3.7025,3.7925,3.7025,3.7075,7850556
1539264600,3.6975,3.775,3.6625,3.665,8383888
1539351000,3.725,3.7875,3.675,3.7,7710340
1539610200,3.7025,3.767475,3.695,3.72,6001124
1539696600,3.7425,3.825,3.6938,3.8225,8161324
1539783000,3.8225,3.87,3.695,3.83,7991476
1539869400,3.825,3.855,3.725,3.765,5914388
1539955800,3.7175,3.75,3.6175,3.6825,12424080
1540215000,3.705,3.805,3.6725,3.78,9221900
1540301400,3.7475,3.8275,3.697475,3.8175,9580272
1540387800,3.825,3.9,3.7675,3.7675,8965264
1540474200,3.78,3.8,3.57,3.61,9096316
1540560600,3.6075,3.6075,3.41,3.4275,10044524
1540819800,3.46,3.73875,3.4425,3.6325,12675508
1540906200,3.6425,3.77765,3.6,3.6675,8376288
1540992600,3.7025,3.705,3.565675,3.65,6955756
1541079000,3.6525,3.8375,3.65,3.8375,11017372
1541165400,3.855,3.93875,3.7975,3.9025,6662484
1541428200,3.8875,3.89,3.7225,3.7475,7214508
1541514600,3.7375,3.7625,3.7075,3.7375,7584080
1541601000,3.75,3.7625,3.6625,3.725,8177396
1541687400,3.725,3.755,3.695,3.715,8557728
1541773800,3.68,3.7,3.57875,3.66,6686144
1542033000,3.665,3.695,3.465,3.47,9600704
1542119400,3.475,3.54375,3.445,3.47,9232984
1542205800,3.5225,3.5275,3.22,3.24,13744396
1542292200,3.24,3.3125,3.1925,3.2825,12121132
1542378600,3.2475,3.2475,3.1125,3.1975,22867016
1542637800,3.21,3.29,3.1925,3.2575,13803464
1542724200,3.15,3.22625,3.035,3.07,24139708
1542810600,3.1175,3.625,3.07625,3.4275,49924056
1542983400,3.425,3.44,3.29,3.375,10767096
1543242600,3.4975,3.695,3.496875,3.645,23613708
1543329000,3.5975,3.7425,3.55,3.68,17545220
1543415400,3.68,3.76625,3.68,3.7525,10576284
1543501800,3.7625,3.805,3.635,3.6575,16838348
1543588200,3.2475,3.49,3.2,3.415,47627144
1543847400,3.455,3.495,3.3825,3.4675,16084876
1543933800,3.4975,3.5275,3.36,3.375,14935624
1544106600,3.375,3.4425,3.31,3.39,12788696
1544193000,3.3875,3.51,3.375,3.42,13612192
1544452200,3.345,3.36,3.2075,3.3075,11175188
1544538600,3.3375,3.35,3.2126,3.2375,9352680
1544625000,3.265,3.3825,3.245,3.3075,7271476
1544711400,3.31,3.34,3.1675,3.1975,9746456
1544797800,3.1725,3.25,3.1725,3.19,6654884
1545057000,3.165,3.2757,3.1375,3.1625,9023156
1545143400,3.1625,3.25625,3.1525,3.1825,10379748
1545229800,3.19,3.24375,3.13075,3.145,9703712
1545316200,3.15,3.234325,3.0525,3.1075,10684796
1545402600,3.0975,3.17,2.94125,2.99,17704240
1545661800,2.9925,3.005,2.91,2.9175,5314104
1545834600,2.93,3.1,2.89,3.1,9617996
1545921000,3.06,3.0625,2.9075,3.045,7338428
1546007400,3.0525,3.1225,3.0025,3.07,8105268
1546266600,3.0825,3.1675,3.07625,3.155,11162380
1546439400,3.1125,3.295,3.105,3.2675,8500800
1546525800,3.245,3.31375,3.1725,3.2425,7001412
1546612200,3.5075,3.8225,3.425,3.81,47662768
1546871400,3.7775,3.9525,3.735,3.87,18872112
1546957800,3.875,3.97125,3.7875,3.9525,13776076
1547044200,3.96,4.0975,3.93,3.995,14218088
1547130600,3.935,4,3.88,3.99,11619244
1547217000,3.965,4.0125,3.94125,3.9625,9679088
1547476200,3.96,4.035,3.8925,3.91,14443448
1547562600,3.9,3.91,3.7975,3.8825,8912880
1547649000,3.8925,3.9725,3.845,3.92,7970596
1547735400,3.8725,3.95625,3.8248,3.9425,6972016
1547821800,4.005,4.22575,3.97,3.9825,34188736
1548167400,3.9525,3.975,3.79,3.8175,12754916
1548253800,3.8275,3.8925,3.782475,3.87,7347800
1548340200,3.87,3.95,3.8598,3.95,5128076
1548426600,3.99,4.015,3.9325,3.975,7660996
1548685800,3.935,3.9475,3.7475,3.875,11939476
1548772200,3.0975,3.125,2.777525,2.82,131481204
1548858600,2.8125,2.8425,2.7775,2.8,24603920
1548945000,2.7925,2.8825,2.775,2.835,24198452
1549031400,2.8275,2.8575,2.795,2.81,13909612
1549290600,2.81,2.87,2.75,2.8425,17085844
1549377000,2.84,2.9525,2.8375,2.9475,17084356
1549463400,2.905,2.925,2.85,2.8775,13918820
1549549800,2.85,2.8975,2.80625,2.8675,8084212
1549636200,2.8475,2.8725,2.8275,2.8375,7206296
1549895400,2.845,2.8475,2.79,2.825,7674232
1549981800,2.825,2.8975,2.825,2.8875,10712172
1550068200,2.89,2.93625,2.845,2.8675,8532624
1550154600,2.8425,2.855,2.81,2.8325,9873968
1550241000,2.8325,2.86,2.82,2.8575,8847292
1550586600,2.865,2.8675,2.7825,2.8,13223624
1550673000,2.8075,2.825,2.7875,2.8,11842108
1550759400,2.8075,2.8225,2.7525,2.7575,9956608
1550845800,2.755,2.845,2.755,2.8425,12997856
1551105000,2.845,2.95,2.845,2.8875,14377936
1551191400,2.885,2.9275,2.875,2.91,8631824
1551277800,2.915,2.9825,2.905,2.9175,13589288
1551364200,2.9225,2.965,2.8975,2.925,11280852
1551450600,2.97,3.0025,2.9375,2.9375,7604904
1551709800,2.9475,2.9625,2.8675,2.8925,8914296
1551796200,3.02,3.025,2.84,2.9,22151520
1551882600,2.915,2.96625,2.89,2.89,13252352
1551969000,2.89,2.915,2.85875,2.8975,7245552
1552055400,2.7675,2.805,2.6875,2.7425,24698036
1552311000,2.745,2.82,2.7225,2.815,10814548
1552397400,2.82,2.8875,2.8075,2.8675,8659504
1552483800,2.885,2.909625,2.8675,2.895,8766512
1552570200,2.8275,2.835,2.725,2.7375,11358276
1552656600,2.7475,2.78,2.725,2.765,14149744
1552915800,2.7725,2.7925,2.745,2.7675,9804932
1553002200,2.7675,2.81,2.725,2.74,12359464
1553088600,2.74,2.74,2.6,2.625,16415640
1553175000,2.6175,2.68125,2.5875,2.6375,12821332
1553261400,2.6625,2.665,2.61,2.6125,13156080
1553520600,2.615,2.6225,2.5175,2.535,17944796
1553607000,2.5275,2.60875,2.5225,2.5875,14140212
1553693400,2.5925,2.635,2.5625,2.5725,10424952
1553779800,2.59,2.6225,2.5175,2.5475,12489336
1553866200,2.5525,2.59,2.5375,2.54,11676136
1554125400,2.5725,2.605,2.51,2.5925,17662776
1554211800,2.5925,2.6025,2.5225,2.525,34680816
1554298200,2.215,2.5075,2.205,2.4075,106391784
1554384600,2.435,2.515,2.41375,2.5075,31671024
1554471000,2.49,2.5025,2.4475,2.465,22976132
1554730200,2.4475,2.52,2.4325,2.485,18204020
1554816600,2.4625,2.5,2.4525,2.455,11913920
1554903000,2.47,2.5025,2.46875,2.4925,11229728
1554989400,2.495,2.495,2.435,2.44,10180784
1555075800,2.4475,2.4575,2.3225,2.33,19114284
1555335000,2.3175,2.3375,2.2025,2.235,22109592
1555421400,2.25,2.2875,2.236825,2.27,18879956
1555507800,2.2775,2.28,2.1875,2.235,15684376
1555594200,2.215,2.256875,2.185,2.1925,15256724
1555939800,2.1875,2.204325,2.1325,2.1625,25114640
1556026200,2.16,2.24125,2.16,2.2225,17809336
1556112600,2.225,2.265,2.2225,2.2525,16424496
1556199000,2.2475,2.25,2.17875,2.2375,10508048
1556285400,2.2325,2.2575,2.22,2.2225,9227192
1556544600,2.2225,2.225,2.17625,2.19,10192972
1556631000,2.2,2.2125,2.1625,2.1625,12830688
1556717400,2.165,2.1975,2.1175,2.1275,14155816
1556803800,2.1275,2.2075,2.1275,2.1925,12468436
1556890200,2.2025,2.2475,2.1925,2.2425,8718416
1557149400,2.2125,2.23,2.165,2.2125,9625712
1557235800,2.1925,2.23,2.17125,2.1925,10366324
1557322200,2.1875,2.21125,2.1625,2.1725,8249560
1557408600,2.15,2.1625,2.118825,2.13,9358136
1557495000,2.13,2.145,2.09,2.12,9206096
1557754200,2.0825,2.0925,2.0425,2.065,12172876
1557840600,2.08,2.1375,2.06,2.1325,10451432
1557927000,2.11,2.1775,2.11,2.1725,9014052
1558013400,2.185,2.21,2.16,2.1675,7003936
1558099800,2.135,2.195,2.135,2.1525,7869140
1558359000,2.115,2.13,1.995,2.015,20174308
1558445400,2.0175,2.035,1.9725,2.0325,22788432
1558531800,2.0175,2.02,1.94,1.975,18064500
1558618200,1.96,1.965,1.9175,1.925,15677904
1558704600,1.9275,1.96375,1.9275,1.955,10168560
1559050200,1.9625,1.9975,1.935,1.935,10931372
1559136600,1.9325,1.9375,1.8475,1.8925,16511496
1559223000,1.8925,1.925,1.8825,1.9,10780780
1559309400,1.8675,1.915,1.83,1.895,15932960
1559568600,1.895,1.9125,1.855,1.8675,20916404
1559655000,1.895,1.9625,1.88,1.955,41720496
1559741400,1.3725,1.3975,1.1775,1.26,157416952
1559827800,1.245,1.2825,1.21,1.2825,54232096
1559914200,1.2825,1.3075,1.24625,1.255,42365332
1560173400,1.3425,1.3875,1.3225,1.36,75705948
1560259800,1.3825,1.4625,1.3725,1.43,53695360
1560346200,1.42,1.45,1.375,1.375,19657192
1560432600,1.3875,1.4325,1.37125,1.425,23363264
1560519000,1.425,1.45625,1.4025,1.4075,21218564
1560778200,1.4075,1.4525,1.4,1.425,14746480
1560864600,1.4275,1.4575,1.4175,1.4325,16281532
1560951000,1.4375,1.4375,1.4025,1.4075,11893284
1561037400,1.415,1.4225,1.38,1.3825,15735168
1561123800,1.38,1.38,1.3275,1.355,35817324
1561383000,1.3525,1.3675,1.32,1.3425,19293304
1561469400,1.335,1.3825,1.33,1.3625,12341612
1561555800,1.3675,1.38,1.345,1.3675,14207176
1561642200,1.365,1.3975,1.35625,1.385,15023828
1561728600,1.3825,1.395,1.36,1.3675,15585420
1561987800,1.3825,1.3925,1.335,1.34,17302716
1562074200,1.3375,1.3625,1.33,1.345,22573856
1562160600,1.3525,1.3575,1.3175,1.3275,10248408
1562333400,1.325,1.41,1.3175,1.38,51578584
1562592600,1.375,1.3825,1.355,1.3625,26370676
1562679000,1.37,1.3875,1.32,1.3275,46887456
1562765400,1.3375,1.3425,1.2925,1.295,43413332
1562851800,1.245,1.2525,1.1825,1.21,67112996
1562938200,1.215,1.2325,1.20125,1.2275,17569380
1563197400,1.2175,1.2225,1.1875,1.1875,12274080
1563283800,1.19,1.2025,1.1575,1.1575,23880896
1563370200,1.1575,1.16125,1.0825,1.095,30572592
1563456600,1.0975,1.104625,1.03,1.05,34404852
1563543000,1.055,1.10375,1.055,1.08,43785996
1563802200,1.0825,1.1,1.03,1.035,21954816
1563888600,1.0375,1.05,0.995,1.0225,30813988
1563975000,1.02,1.04875,1.0125,1.02,24082452
1564061400,1.025,1.08,0.9925,0.995,23159964
1564147800,1,1.02,0.99,1.0025,12836080
1564407000,1.005,1.04,1.005,1.03,17308484
1564493400,1.025,1.0325,0.975,1.0075,21085584
1564579800,1.0075,1.045,1,1.005,20835676
1564666200,1.005,1.015,0.945,0.96,22386032
1564752600,0.9575,0.9725,0.9375,0.945,14378672
1565011800,0.93,0.9375,0.89375,0.9275,22727004
1565098200,0.9325,0.955,0.9075,0.9525,20629772
1565184600,0.935,0.96125,0.915,0.9525,23424312
1565271000,0.96,0.9775,0.9425,0.9725,9226904
1565357400,0.9575,0.965,0.8975,0.8975,12317500
1565616600,0.895,0.905,0.86,0.8775,10716460
1565703000,0.87,0.94,0.8675,0.8675,18020680
1565789400,0.8475,0.855,0.7975,0.83,24327708
1565875800,0.83,0.8525,0.7875,0.8025,23553568
1565962200,0.8125,0.84,0.8025,0.83,12522852
1566221400,0.8425,0.8675,0.835,0.845,11550420
1566307800,0.8375,0.865,0.82,0.855,17040412
1566394200,0.875,0.905,0.86,0.885,24036892
1566480600,0.9925,1.0625,0.93,0.9675,116765872
1566567000,0.96,0.975,0.89,0.9125,34702544
1566826200,0.93,1.01,0.91125,0.955,41317664
1566912600,0.9675,0.9825,0.92,0.925,22804976
1566999000,0.925,0.9925,0.9175,0.97,25799812
1567085400,0.9825,1.0725,0.9375,1.0575,53457648
1567171800,1.065,1.09,0.98,0.9925,42543760
1567517400,0.9925,1.0175,0.915,0.9525,36177720
1567603800,0.97,1,0.9625,0.995,16925312
1567690200,1.02,1.06,1.0175,1.0575,27568344
1567776600,1.06,1.09,1.035,1.0775,26806096
1568035800,1.0875,1.23,1.0875,1.19,58315096
1568122200,1.2175,1.275,1.1275,1.2725,66636752
1568208600,1.0475,1.2375,0.9925,1.1475,136020052
1568295000,1.15,1.2025,1.1083,1.145,35634964
1568381400,1.155,1.1925,1.0925,1.1025,30648736
1568640600,1.075,1.116875,1.0675,1.0875,27046996
1568727000,1.075,1.085,1.0325,1.0825,25664332
1568813400,1.0825,1.1725,1.0825,1.15,39241176
1568899800,1.16,1.1675,1.105,1.11,31472576
1568986200,1.1475,1.2,1.125,1.175,46519672
1569245400,1.17,1.3,1.1525,1.255,50011452
1569331800,1.285,1.375,1.245,1.2525,52588592
1569418200,1.2725,1.3875,1.27,1.3,48680112
1569504600,1.2975,1.335,1.27,1.32,24434156
1569591000,1.3125,1.3625,1.305,1.335,22200848
1569850200,1.3575,1.41,1.35,1.38,37457980
1569936600,1.41,1.45375,1.3725,1.395,26371796
1570023000,1.3875,1.3883,1.31,1.33,33859952
1570109400,1.325,1.37,1.3075,1.355,17750272
1570195800,1.3575,1.39,1.3425,1.3875,16936828
1570455000,1.37,1.395,1.3525,1.3725,17757904
1570541400,1.3575,1.36,1.29,1.3075,19293640
1570627800,1.3125,1.325,1.24,1.2475,23462368
1570714200,1.255,1.2875,1.24,1.2625,21036908
1570800600,1.285,1.3725,1.285,1.3425,23643352
1571059800,1.33,1.3975,1.305,1.395,21625244
1571146200,1.4,1.4775,1.3975,1.4025,25404476
1571232600,1.395,1.4775,1.395,1.47,15539152
1571319000,1.4725,1.5125,1.45,1.5075,14564452
1571405400,1.5075,1.5125,1.4425,1.485,12788432
1571664600,1.495,1.54,1.455,1.4825,14447612
1571751000,1.4825,1.61,1.4825,1.5975,16707328
1571837400,1.5825,1.655,1.5575,1.6075,16292568
1571923800,1.625,1.6375,1.5075,1.605,17109496
1572010200,1.58,1.6075,1.5625,1.5875,10581660
1572269400,1.595,1.6225,1.5425,1.5475,11418976
1572355800,1.5525,1.5625,1.44625,1.4525,15675112
1572442200,1.44,1.4575,1.38,1.4325,14958172
1572528600,1.4075,1.42125,1.3275,1.36,17434288
1572615000,1.3625,1.5,1.3575,1.46,20841420
1572877800,1.475,1.505,1.4425,1.4625,14680196
1572964200,1.47,1.55,1.465,1.4775,13496484
1573050600,1.475,1.5475,1.455,1.5225,16513168
1573137000,1.545,1.57875,1.51,1.555,12517132
1573223400,1.5425,1.57,1.5125,1.5225,7874880
1573482600,1.5125,1.5225,1.4425,1.505,12437828
1573569000,1.5075,1.5175,1.4675,1.48,7337940
1573655400,1.4775,1.4925,1.4525,1.485,6135676
1573741800,1.4875,1.5275,1.475,1.495,6834940
1573828200,1.5,1.5025,1.4625,1.47,8664204
1574087400,1.4625,1.4625,1.4025,1.405,11983576
1574173800,1.3925,1.415,1.3625,1.375,13442192
1574260200,1.385,1.385,1.340025,1.365,10666788
1574346600,1.365,1.395,1.3375,1.375,11136084
1574433000,1.3975,1.4625,1.375,1.415,13976200
1574692200,1.4175,1.515,1.4075,1.5075,10979552
1574778600,1.5075,1.565,1.5025,1.525,10602756
1574865000,1.525,1.5975,1.505,1.5875,12124616
1575037800,1.5825,1.5975,1.55875,1.585,5475932
1575297000,1.5875,1.615,1.5225,1.5425,8242504
1575383400,1.51,1.545,1.4825,1.53,8864792
1575469800,1.5425,1.6225,1.53,1.6075,11489940
1575556200,1.58,1.63,1.55875,1.6,17525652
1575642600,1.5975,1.67,1.5975,1.67,19029552
1575901800,1.6625,1.73,1.5475,1.5825,25406232
1575988200,1.5725,1.635,1.53,1.6275,38875396
1576074600,1.3125,1.4525,1.295,1.3825,78155640
1576161000,1.365,1.4274,1.3525,1.395,25549496
1576247400,1.3675,1.405,1.30875,1.3625,21756332
1576506600,1.3475,1.3975,1.3475,1.375,17628824
1576593000,1.375,1.52,1.3725,1.515,16569336
1576679400,1.515,1.5675,1.4825,1.54,21062424
1576765800,1.5525,1.56,1.50625,1.515,17807916
1576852200,1.515,1.555,1.49,1.4975,21938516
1577111400,1.5125,1.5175,1.385,1.4025,25131632
1577197800,1.4125,1.4175,1.36,1.36,13582040
1577370600,1.3675,1.3775,1.31125,1.35,17064612
1577457000,1.355,1.495,1.3475,1.475,44165148
1577716200,1.47,1.56125,1.44,1.5325,17929392
1577802600,1.52,1.5975,1.4975,1.52,17290440
1577975400,1.535,1.6175,1.5175,1.5775,17723000
1578061800,1.5525,1.5625,1.45875,1.47,14203844
1578321000,1.45,1.4775,1.4,1.4625,13579108
1578407400,1.4425,1.45705,1.36,1.38,20942076
1578493800,1.3725,1.4625,1.3525,1.43,22517780
1578580200,1.455,1.455,1.37,1.3875,10572204
1578666600,1.39,1.4,1.345,1.3575,11125648
1578925800,1.3575,1.4025,1.3325,1.3575,14536056
1579012200,1.195,1.25,1.1325,1.1775,50250272
1579098600,1.165,1.1825,1.1375,1.1525,19924464
1579185000,1.1525,1.1775,1.13,1.155,17148260
1579271400,1.145,1.1875,1.1275,1.1875,16078096
1579617000,1.1875,1.1875,1.1375,1.1475,14128548
1579703400,1.1375,1.16,1.115,1.14,10509944
1579789800,1.1375,1.16,1.115,1.155,7520856
1579876200,1.16,1.16,1.0625,1.08,16654788
1580135400,1.05,1.0875,1.04,1.07,8491216
1580221800,1.075,1.075,1.045,1.0525,8579744
1580308200,1.055,1.07875,1.0325,1.0325,6210228
1580394600,1.025,1.03,0.97,0.9825,12026932
1580481000,0.9775,0.985,0.9575,0.96,11567056
1580740200,0.97,0.995,0.9625,0.9875,8104796
1580826600,1.0075,1.0625,0.9925,1.0175,14252244
1580913000,1.0375,1.1025,1.035,1.045,10566888
1580999400,1.05,1.075,1.03375,1.035,6041212
1581085800,1.0275,1.0325,0.9425,0.9525,10969124
1581345000,0.9625,1.025,0.935,0.985,11108168
1581431400,0.995,1.06,0.9875,1.005,13660092
1581517800,1.0325,1.1275,1.0175,1.0475,19282416
1581604200,1.03,1.065,1.0175,1.0275,8326772
1581690600,1.0275,1.0475,1.005,1.005,6330640
1582036200,1.0025,1.02,0.99,1.015,5870448
1582122600,1.015,1.0675,0.97875,1.0375,10372368
1582209000,1.04,1.07375,1.026925,1.035,6249364
1582295400,1.03,1.045,0.9975,1.01,6782772
1582554600,0.975,0.9825,0.925,0.925,14265156
1582641000,0.9425,0.9475,0.8875,0.89,17791824
1582727400,0.895,0.905,0.84,0.8475,18901488
1582813800,0.8075,0.90625,0.796225,0.8675,15517920
1582900200,0.835,0.93,0.835,0.9,18768788
1583159400,0.9,0.9625,0.8475,0.9575,12833712
1583245800,0.97,0.9725,0.875,0.9075,17129824
1583332200,0.9275,0.9575,0.865,0.9425,17030516
1583418600,0.925,0.9975,0.8975,0.99,14398508
1583505000,0.96,1.0175,0.94,0.98,8387212
1583760600,0.8975,0.9925,0.875,0.925,10928088
1583847000,0.985,1.065,0.95,1.0575,19452676
1583933400,1.035,1.0625,1,1.035,17656784
1584019800,0.925,1.01,0.87,0.995,20493452
1584106200,1.0325,1.1625,0.96125,1.1475,23148844
1584365400,0.9825,1.1425,0.975,1.0925,19466784
1584451800,1.1,1.1625,1.0275,1.0575,14248840
1584538200,1.025,1.0625,0.875,0.9425,14606836
1584624600,0.9275,1.05,0.8875,1.0475,20158156
1584711000,1.02,1.02,0.9125,0.94,30888776
1584970200,0.895,0.965,0.875,0.9525,24039136
1585056600,0.9875,1.0525,0.972525,1.04,27222636
1585143000,1.0375,1.1225,1.01,1.0425,14368236
1585229400,1.06,1.1775,1.06,1.1025,24843916
1585315800,1.235,1.2725,1.0375,1.055,28099052
1585575000,1.055,1.0675,0.9125,0.9125,13402284
1585661400,0.9075,0.95,0.875,0.875,9216528
1585747800,0.8625,0.8725,0.78,0.8125,18274780
1585834200,0.815,0.8375,0.7125,0.7125,16257356
1585920600,0.7125,0.735,0.6425,0.7,15323044
1586179800,0.715,0.8,0.70625,0.7725,13362176
1586266200,0.8475,0.859975,0.775,0.8175,11347436
1586352600,0.8075,0.917525,0.8,0.8525,11538112
1586439000,0.9,1.0625,0.8725,0.9725,23635664
1586784600,1.0625,1.19,1.04,1.185,27378004
1586871000,1.3025,1.6175,1.285,1.4875,54026528
1586957400,1.415,1.4175,1.225,1.3175,29999416
1587043800,1.28,1.36,1.22,1.2575,13487684
1587130200,1.305,1.32,1.1075,1.22,22612752
1587389400,1.2125,1.475,1.195,1.4025,24340044
1587475800,1.3075,1.325,1.19,1.195,16568200
1587562200,1.285,1.2925,1.2075,1.2225,10712532
1587648600,1.1875,1.2225,1.145,1.175,9063412
1587735000,1.195,1.2125,1.165,1.1925,8946176
1587994200,1.2125,1.4975,1.2025,1.455,29100552
1588080600,1.48,1.51,1.265,1.41,20800756
1588167000,1.4575,1.5225,1.36255,1.51,13480180
1588253400,1.4675,1.49375,1.41,1.4325,8694120
1588339800,1.4125,1.545,1.3625,1.5125,16022392
1588599000,1.46,1.4825,1.35,1.37,16272420
1588685400,1.3875,1.4075,1.337525,1.3475,8423676
1588771800,1.35,1.35,1.225,1.2325,13478560
1588858200,1.2075,1.23375,1.1625,1.2175,10004780
1588944600,1.22,1.2975,1.205,1.245,9414644
1589203800,1.23,1.23975,1.1875,1.19,6796632
1589290200,1.195,1.23,1.115025,1.135,10556628
1589376600,1.135,1.135,1.0175,1.0525,11531508
1589463000,1.0375,1.0475,0.99,1.0325,8019472
1589549400,1.0125,1.1125,1.01025,1.055,7762816
1589808600,1.1,1.1575,1.09,1.145,9486776
1589895000,1.145,1.1875,1.0925,1.11,7362928
1589981400,1.125,1.1725,1.08375,1.1075,10174436
1590067800,1.1125,1.1625,1.1,1.11,7887624
1590154200,1.115,1.1225,1.0325,1.045,9519404
1590499800,1.085,1.1525,1.0825,1.105,14183704
1590586200,1.1425,1.1775,1.08875,1.1725,12586412
1590672600,1.1875,1.19,1.075,1.0825,8737468
1590759000,1.0825,1.105,1.0125,1.015,15894160
1591018200,1.03,1.08875,1.005,1.0325,10473696
1591104600,1.0675,1.077,1.015,1.045,9479120
1591191000,1.06,1.13,1.05,1.11,12149696
1591277400,1.11,1.18,1.0925,1.1175,14057196
1591363800,1.0725,1.1025,1.0225,1.035,25097712
1591623000,1.07,1.28455,1.068425,1.2525,40534652
1591709400,1.25,1.25,1.137975,1.24,32293792
1591795800,1.195,1.3825,1.17,1.2675,42425488
1591882200,1.16,1.224975,1.045,1.0925,24943972
1591968600,1.15,1.195,1.0975,1.18,17512768
1592227800,1.125,1.1925,1.105,1.1725,15641540
1592314200,1.2375,1.2375,1.1275,1.16,12494140
1592400600,1.135,1.20775,1.132525,1.19,14373864
1592487000,1.1675,1.2375,1.1625,1.2375,13695308
1592573400,1.2375,1.271,1.1725,1.22,29463468
1592832600,1.1975,1.2375,1.17875,1.2175,12715864
1592919000,1.2375,1.2475,1.2,1.2075,12821488
1593005400,1.2075,1.21,1.095,1.1025,11904836
1593091800,1.0825,1.135,1.07375,1.115,9803744
1593178200,1.12,1.125,1.0675,1.0875,15204620
1593437400,1.0875,1.13,1.075,1.095,8525320
1593523800,1.0825,1.1275,1.05,1.085,15556116
1593610200,1.0775,1.125,1.0775,1.11,9216404
1593696600,1.1225,1.1275,1.0725,1.0725,7551004
1594042200,1.0775,1.085,1.0475,1.06,8563516
1594128600,1.05,1.061875,1.015,1.0225,9827880
1594215000,1.025,1.0725,1.0075,1.065,8211316
1594301400,1.0675,1.08,1.0325,1.0525,7970484
1594387800,1.05,1.095,1.046075,1.085,5643312
1594647000,1.0875,1.136975,1.065,1.065,16865060
1594733400,1.055,1.0775,1.018125,1.02,9046356
1594819800,1.0325,1.0725,1.0325,1.0475,5896504
1594906200,1.0475,1.05,1.0225,1.0425,5321844
1594992600,1.04,1.0575,0.984525,0.99,12266196
1595251800,0.9875,1.015,0.9425,0.9625,13604352
1595338200,0.975,1.0225,0.97,1.0025,13364048
1595424600,1.005,1.03,0.98,1.0275,10094188
1595511000,1.0225,1.07625,1.015,1.0275,12950200
1595597400,1.015,1.0575,1.0025,1.0075,8865180
1595856600,1.005,1.03,0.9875,1.0025,9890784
1595943000,0.99,1.01225,0.98,0.985,18221568
1596029400,0.985,1.045,0.98,1.015,11518504
1596115800,1,1.0575,0.9925,1.025,9593940
1596202200,1.015,1.04,0.9975,1.0025,7518212
1596461400,1.0075,1.0625,0.99875,1.0375,10072040
1596547800,1.0325,1.184375,1.0325,1.1075,41445452
1596634200,1.125,1.19,1.06125,1.1575,19702788
1596720600,1.15,1.16375,1.095025,1.1075,7604896
1596807000,1.0975,1.1,1.015,1.04,13364396
1597066200,1.05,1.1425,1.045,1.0825,18247088
1597152600,1.1075,1.1425,1.085,1.0875,12556420
1597239000,1.1,1.1575,1.09,1.13,12230376
1597325400,1.13,1.1775,1.12415,1.16,8513252
1597411800,1.15,1.2075,1.13625,1.1875,13898768
1597671000,1.195,1.195,1.13875,1.1575,9483880
1597757400,1.1525,1.2175,1.10875,1.2025,15339360
1597843800,1.2,1.21,1.16,1.18,10450332
1597930200,1.155,1.17,1.1275,1.1525,9764736
1598016600,1.15,1.4,1.14875,1.2575,42570364
1598275800,1.275,1.2825,1.14,1.2175,18341464
1598362200,1.22,1.3125,1.22,1.245,11994712
1598448600,1.2425,1.305,1.229975,1.2775,11118656
1598535000,1.2775,1.344975,1.255,1.3125,13538632
1598621400,1.325,1.39125,1.30375,1.3475,16947704
1598880600,1.4425,1.7875,1.4225,1.67,151903996
1598967000,1.825,1.955,1.6925,1.9125,92844184
1599053400,1.95,2.0125,1.7775,1.9275,52044452
1599139800,1.97,2.1125,1.81,1.955,57378008
1599226200,1.945,1.98,1.7925,1.9125,30647976
1599571800,1.8875,2.07,1.87,1.925,39266480
1599658200,1.99,1.9975,1.8275,1.8375,36272328
1599744600,1.6625,1.7375,1.5475,1.5575,62233112
1599831000,1.565,1.5825,1.4675,1.5225,24244760
1600090200,1.7,1.75,1.6075,1.7275,40475888
1600176600,1.715,1.815,1.67125,1.7725,22973956
1600263000,1.7575,2.26,1.7575,2.17,77386032
1600349400,2.1425,2.4425,2.1025,2.3,68106880
1600435800,2.3,2.4425,2.2275,2.3675,69630052
1600695000,2.3375,2.4,2.095,2.1875,30559224
1600781400,2.6125,2.792475,2.475,2.64,139009936
1600867800,2.65,2.715,2.48,2.51,42604608
1600954200,2.4275,2.4525,2.2525,2.285,31755352
1601040600,2.2975,2.54565,2.275,2.505,30060628
1601299800,2.54,2.565,2.3875,2.5225,27057292
1601386200,2.5,2.6625,2.4825,2.5875,20977356
1601472600,2.5625,2.689925,2.515,2.55,24316132
1601559000,2.5225,2.5625,2.4225,2.4425,18216220
1601645400,2.345,2.445,2.325,2.3475,17361936
1601904600,2.36,2.3975,2.31255,2.365,11219876
1601991000,2.39,2.45875,2.275,2.2825,18141684
1602077400,2.3075,2.39,2.29195,2.34,13234576
1602163800,2.385,3.41,2.2975,3.3725,305814228
1602250200,3.2075,3.7,2.975,3.005,308611120
1602509400,2.915,3.19155,2.85,2.95,94622804
1602595800,2.9325,3.105,2.9125,2.97,40718832
1602682200,3.1675,3.17,3.0125,3.0625,43107048
1602768600,2.9975,3.775,2.9975,3.4575,159579288
1602855000,3.4425,3.475,3.27,3.3275,46606312
1603114200,3.36,3.625,3.345,3.4775,52676292
1603200600,3.5075,3.53575,3.41625,3.465,26415804
1603287000,3.475,3.605,3.45,3.525,21447712
1603373400,3.55,3.9675,3.5475,3.7275,64848928
1603459800,3.7625,3.845,3.6375,3.75,26029296
1603719000,3.7325,3.8625,3.315,3.3625,53505076
1603805400,3.4275,3.4275,3.09,3.1725,28924024
1603891800,3.0675,3.2625,2.945,2.955,25554320
1603978200,2.97,3.0625,2.920025,2.9325,16663372
1604064600,2.91,2.91,2.59,2.6175,46249468
1604327400,2.705,2.7725,2.625,2.6875,20908044
1604413800,2.6875,2.965,2.6575,2.8925,29817888
1604500200,2.94,2.942475,2.6525,2.7275,23231484
1604586600,2.8175,2.96,2.765,2.8625,18820980
1604673000,2.88,3.0425,2.83,2.965,22072972
1604932200,3.19,3.2325,2.8125,2.8725,24979460
1605018600,2.875,2.915,2.7075,2.775,15303852
1605105000,2.875,2.9875,2.8025,2.9375,19530276
1605191400,2.935,2.9675,2.7425,2.7825,17423568
1605277800,2.84,2.8875,2.75,2.7525,14184684
1605537000,2.79,3.16505,2.68,3.015,39099296
1605623400,2.9125,2.98,2.8075,2.9075,26712704
1605709800,2.95,3.01,2.89,2.8925,12676888
1605796200,2.9,3.1975,2.8625,3.115,47150452
1605882600,3.1375,3.365,3.135,3.1775,33609388
1606141800,3.225,3.53,3.1675,3.475,38431892
1606228200,3.5575,3.565,3.325,3.4175,28746840
1606314600,3.4,3.8125,3.355,3.6875,35440368
1606487400,3.8225,4.185,3.72,4.02,50016788
1606746600,4.5425,4.855,4.139375,4.14,127933992
1606833000,4.2775,4.35,3.94,3.95,50664108
1606919400,3.925,4.17,3.845,4.145,31533520
1607005800,4.12,4.16,3.9675,4.03,25179860
1607092200,4.075,4.3225,4.065,4.225,35890688
1607351400,4.25,4.375,4.055,4.0875,29545032
1607437800,4.0925,4.3025,3.9825,4.235,64480652
1607524200,3.48,3.6825,3.30625,3.415,97431776
1607610600,3.28,3.6025,3.2625,3.53,30235688
1607697000,3.4775,3.5,3.255,3.3275,29987472
1607956200,3.335,3.358375,3.035,3.18,40028368
1608042600,3.195,3.505,3.12,3.4625,32771424
1608129000,3.49,3.57625,3.395,3.4625,23460492
1608215400,3.49,3.745,3.3975,3.7075,32779608
1608301800,3.945,4.075,3.795,3.9075,66475104
1608561000,3.9525,4.087,3.82,3.8825,39504512
1608647400,4.055,5.01,4.0375,4.865,122750872
1608733800,5.0425,5.587475,4.7825,5.1425,103321024
1608820200,5.2525,5.37,4.9875,5.0375,25048696
1609165800,5.3275,5.4925,5.0875,5.2475,35863432
1609252200,5.205,5.2675,4.64,4.845,36965764
1609338600,4.845,5,4.7125,4.815,23737564
1609425000,4.8125,4.95,4.7,4.71,27690608
1609770600,4.75,4.775,4.2875,4.3125,40089896
1609857000,4.3375,4.519125,4.3075,4.3425,19845828
1609943400,4.335,4.745,4.3325,4.59,24224992
1610029800,4.6175,4.8625,4.505,4.52,24517104
1610116200,4.545,4.575,4.27,4.4225,25927840
1610375400,4.8525,5.1625,4.7525,4.985,59710448
1610461800,4.99,5.1,4.8292,4.9875,28242660
1610548200,5.105,9.6625,5.0075,7.85,578006944
1610634600,9.5225,10.765,8.2625,9.9775,374869640
1610721000,9.6225,10.1875,8.5025,8.875,187465432
1611066600,10.3875,11.38,9.16,9.84,298887696
1611153000,9.3425,10.297475,9.015,9.78,133887156
1611239400,9.8075,11.1875,9.25,10.7575,228319016
1611325800,10.6475,19.189325,10.58,16.2525,788631784
1611585000,24.1825,39.795,15.2825,19.1975,711496000
1611671400,22.14,37.5,20.05,36.995,714351896
1611757800,88.7075,95,62.25,86.8775,373586664
1611844200,66.25,120.75,28.0625,48.4,235263220
1611930600,94.9275,103.495,62.5,81.25,202264220
1612189800,79.14,80.5,53,56.25,149528608
1612276200,35.19,39.5,18.555025,22.5,312732284
1612362600,28.0025,28.349975,21.3125,23.1025,170794044
1612449000,22.7975,22.875,13.3325,13.375,249709100
1612535400,13.51,23.75,12.7725,15.9425,325380052
1612794600,18.1025,18.165,14.505,15,102749128
1612881000,14.1525,14.25,11.63,12.5775,107372328
1612967400,12.6925,15.7075,11.6375,12.8,145820144
1613053800,12.5025,13.83,12.055025,12.775,52226900
1613140200,12.6875,13.81,12.0125,13.1,58293056
1613485800,13.165,13.375,12.26,12.3775,32700120
1613572200,12.4425,12.7975,11.14,11.485,37043180
1613658600,12.1225,12.2175,10.1625,10.1725,95962220
1613745000,10.32,10.9725,9.625,10.1475,59312952
1614004200,11.6725,12.1275,10.6,11.5,77904084
1614090600,11.2425,11.5575,10,11.2425,30260860
1614177000,11.175,22.9275,11.175,22.9275,332446960
1614263400,42.39,46.17,25.25,27.1825,601235064
1614349800,29.365,35.725,21.5,25.435,368776616
1614609000,26.135,33.4975,24.9925,30.1,199175860
1614695400,29.2325,33.3,28.05,29.545,135132176
1614781800,30.6275,31.9375,28.28,31.045,77095528
1614868200,31.25,36.967475,28.825,33.0875,130427572
1614954600,32.0425,37.8825,31.875,34.435,122934692
1615213800,38.7225,52.717475,36.525,48.625,254262480
1615300200,54.4275,62.4625,52.127525,61.725,156397324
1615386600,67.3575,87.125,43,66.25,286282264
1615473000,60.41,70.375,58.15,65,113249972
1615559400,68.749125,73.875,65.5675,66.125,103383596
1615815000,69.38,70.75,51.5,55.035,96904748
1615901400,50.79,55.175,43.0875,52.0425,141691468
1615987800,54.46,57.8675,51,52.4525,65926356
1616074200,53.5,54.72,48.9125,50.4375,47199656
1616160600,48.9325,56.75,45.665,50.0675,98709188
1616419800,51.315,52.58905,46.5488,48.6225,40252552
1616506200,49.375,50.4375,44.3875,45.4375,57716580
1616592600,39.495,41.7425,29.655,30.085,96711508
1616679000,30.8725,46.875,29.225,45.9375,203849348
1616765400,49.42,54.7336,40.815,45.25,149722688
1617024600,45.1875,48.48,43.3775,45.325,40168700
1617111000,46.875,51.075,45.5,48.615,68379696
1617197400,49.375,49.865,46.77755,47.455,33575336
1617283800,48.34,49.24225,45.9,47.8625,37337380
1617629400,42.751,48.75,41.2025,46.7375,56281956
1617715800,46.3025,48,45.89,46.125,24873272
1617802200,45.805,46.124975,44.0275,44.4925,19073044
1617888600,46.47,46.47,41.075,42.565,40189560
1617975000,42.425,42.895,38.25,39.59,37849520
1618234200,39.5275,40.975,33.7525,35.2725,66734380
1618320600,35.47,36.344275,33,35.2475,27227472
1618407000,35.8925,43.5225,35.75,41.6325,84552552
1618493400,40.75,41.56365,38.2,39.11,31427120
1618579800,39,40.049225,37.8125,38.6725,20858840
1618839000,42.95,43.8,40.5825,41.0925,42080856
1618925400,41.035,41.2225,38.34,39.6325,18634432
1619011800,39.6,40.745,38.98,39.6275,15251380
1619098200,39.775,39.775,36.715,37.7925,17383236
1619184600,37.25,38.41495,36.175,37.795,16168228
1619443800,37.745,43.669875,37.19,42.2325,42128432
1619530200,45.8875,47,43.2925,44.4425,35730872
1619616600,43.025,45.495,41.507025,44.645,23155752
1619703000,44.14,45.215,42.6875,44.0475,15041000
1619789400,43.75,45.95,43.175,43.3975,17734260
1620048600,44.3725,44.3725,39.9025,40.55,21044076
1620135000,39.75,40.3725,37.95,40.1825,16030048
1620221400,40.4575,41.375,39.5825,39.87,11221636
1620307800,40.215,41.18,38.9,40.2525,11771208
1620394200,40.0275,41.8525,39.375025,40.2775,11738496
1620653400,40.3275,40.39625,35.75,35.805,19226740
1620739800,34.25,37.625,34.125,36.73,18738336
1620826200,36.425,37.625,35.55775,36.1975,10926040
1620912600,36.86,42.4875,36.6075,41.125,35493948
1620999000,40,41.6175,39.055,39.98,17174120
1621258200,39.9625,45.625,39.75,45.15,29848380
1621344600,43.635,47.3,42.0675,45.1675,30954868
1621431000,42.9975,44.744975,41.0375,42.2075,19303620
1621517400,42.6975,43.7275,41.725,42.6225,9912672
1621603800,42.75,44.81,42.5825,44.1975,14618732
1621863000,43.9625,47.1144,43.3375,45.0025,18657392
1621949400,45.25,54.2775,45.25,52.3575,59549828
1622035800,57.25,62.11985,56.3875,60.64,84479488
1622122200,57.45,66,56.75,63.5325,62105212
1622208600,65.7425,67.199975,55.3575,55.5,47005460
1622554200,58.37,63.745,56.7675,62.255,38502440
1622640600,62.22,73.5,61.075,70.56,64076880
1622727000,66.4275,68.6075,60.53015,64.545,31999820
1622813400,64.005,66.25,61.4425,62.09,14550060
1623072600,64.5,70.5,63.800025,70.0025,24205960
1623159000,73,86.165,70.25,75,69756472
1623245400,75.78,82,72.8775,75.64,53717236
1623331800,70.5,72,52.75,55.0975,91920608
1623418200,55.5875,60.2825,51.5325,58.335,62323096
1623677400,59.125,59.5025,54.8,57.36,28530508
1623763800,56.59,57.3125,52,55.625,29207740
1623850200,53.81,57.182625,52.25,55.7425,22259308
1623936600,56,58.415,55.37,55.8975,18434292
1624023000,55.045,55.8725,53.25,53.455,17281268
1624282200,54.2375,54.599975,49.25,50.0925,20480744
1624368600,54.4325,56.47,52.2925,55.1,32800708
1624455000,55.3625,55.6425,53.53,54.835,14220360
1624541400,55.289,56.8625,52.9,53.0775,15453356
1624627800,53.5,53.55,49.625,52.3775,50770996
1624887000,52.8125,56.1125,52.55,53.3125,19517456
1624973400,53.3975,53.805,52.0025,52.72,9920036
1625059800,52.4225,53.819675,51.734475,53.535,10158592
1625146200,53.35,54.2075,50.5,51.09,10968448
1625232600,51.2,51.3625,49.125,50.7075,10410916
1625578200,51,51.1925,48.427525,49.89,11072248
1625664600,49,49.375,44.39,47.665,16958000
1625751000,44.9575,48.555,44.875,47.845,11430056
1625837400,47.72,48.695,46.6875,47.8075,6331700
1626096600,47.855,49.4375,46.855,47.3125,6545296
1626183000,46.92,47.1975,44.75,45.015,9591776
1626269400,45.1225,45.595,41.2675,41.905,15655080
1626355800,40,42.9975,39.5025,41.705,17194356
1626442200,42.5375,44.8675,41.575,42.26,13151716
1626701400,40.825,44,40.305,43.3725,9747736
1626787800,43.475,48.409975,43.105,47.795,12404360
1626874200,46.9475,48.8775,45.5275,46.4525,8916736
1626960600,46.325,46.9225,44.0375,44.7125,5651952
1627047000,45.25,45.4,43.46,45.09,5264672
1627306200,45.09,46.51,44.69,45.985,5042372
1627392600,45.75,46.25,44.165025,44.635,4859100
1627479000,43.93,44.28,41.0675,42.28,16403380
1627565400,42.65,43.4725,41.1275,41.215,8959980
1627651800,41.25,41.805,39.7175,40.28,9508472
1627911000,40.5,40.897475,38.765,39.4125,10131724
1627997400,39.185,39.7225,37.05,38.1875,57802496
1628083800,38.1825,39.4475,36.42275,36.7,9573936
1628170200,37,39.4,36.305,38.36,9648492
1628256600,38.6475,39.125,37.5775,37.9425,5410756
1628515800,37.95,41.1775,37.665,40.2825,8996816
1628602200,40.34,41.724975,38.838,39.7625,6493336
1628688600,39.6075,39.7625,38.655,39.695,3781712
1628775000,39.97,41.07,39.3325,40.5875,5279328
1628861400,40.1175,40.887475,39.352525,40.63,4059004
1629120600,40.25,42.469975,39.790025,40.9825,6299508
1629207000,40.2975,42.37,40.275,40.8875,4863752
1629293400,40.8125,41.4,39.1875,39.2625,5647368
1629379800,39.1925,39.497475,37.695,38.225,4786192
1629466200,38.45,40.0225,38.31,39.825,4619432
1629725400,40.595,41.8225,39.8875,41.2225,5372128
1629811800,41.5725,56.25,41.2875,52.5725,58608836
1629898200,51.6625,56.75,48.25,49.9125,51444236
1629984600,50.17,54.25,49.75,51.305,24954588
1630071000,51.925,53.249975,50.005,51.2375,12923216
1630330200,51.25,54.5475,50.755,52.3,13238336
1630416600,53.175,55.575,52.865,54.56,14298748
1630503000,56,57.85975,52.005,53.2425,17815128
1630589400,53.465,53.7,51.575,53.38,7422472
1630675800,53.0125,54.0675,49.71,50.6875,10656020
1631021400,51.5625,52.475,49.025,49.75,10004712
1631107800,50.465,51.72,47.66895,49.7,20694264
1631194200,45.02125,50.5,44.5,49.795,30045832
1631280600,49.602,50.54,47.5,47.6025,12170592
1631539800,48.4375,52.22,47.875,50.85,17336272
1631626200,50.1625,51.155,48.75,49.81,8566524
1631712600,49.25,51.2175,48.43775,51.13,9241628
1631799000,50.5825,54.1375,50.2875,51.5925,12232868
1631885400,52.005,53.1225,50.195,51.2425,15802572
1632144600,50,50.712475,46.1375,48.05,15767208
1632231000,49.84,49.84,46.5,47.4875,10535308
1632317400,47.41,48.375,46.5725,47.535,9026372
1632403800,48.0825,48.9375,47.65,47.81,6729036
1632490200,47.75,47.928825,46.0275,46.29,6743036
1632749400,46.48,48.0125,46.4675,47.37,5880584
1632835800,47,47.702475,44.5,44.65,7081972
1632922200,45.0225,46.12,43.6525,43.98,7599732
1633008600,43.75,46.362475,41.6975,43.8675,12709812
1633095000,44.85,44.8725,43.0625,44.2275,6204556
1633354200,43.9875,44.2375,42.69275,42.84,4782952
1633440600,42.7975,43.292475,41.675,43.045,5263416
1633527000,42.515,43.24,41.4525,42.7675,4801280
1633613400,43,43.8,42.63515,43.03,4637304
1633699800,43.125,43.93,42.78,43.17,3272828
1633959000,43.25,47.1225,43.25,44.525,10739420
1634045400,45.125,45.445,43.45,43.955,4934608
1634131800,44.575,47.0525,44,46.015,7720956
1634218200,45.94,47.55,45.65,45.9575,6704032
1634304600,46,46.745,45.22,45.82,4799908
1634563800,45.735,47.4675,45.636325,46.505,6358592
1634650200,47.2475,48.045,46.1,46.6975,8282472
1634736600,46.5825,47,45.495,46.13,9107612
1634823000,46.1775,47.674975,45.15,45.4275,9609472
1634909400,44.525,44.8725,41.95,42.45,11201772
1635168600,42.355,43.7,41.815,43.4925,5771224
1635255000,43.34,46.25,43.125,44.46,8706996
1635341400,45,45.7725,43.0825,43.3775,4427992
1635427800,43.79,45.785,43.75,45.7125,6784824
1635514200,45.7025,46.4375,44.5,45.8775,9175880
1635773400,45.6325,52.1425,45.5125,50.0225,19776812
1635859800,49.8375,52.984525,47.9225,51.7475,15529344
1635946200,53.5,63.9225,52.062525,54.5825,45062376
1636032600,55.5,57.2425,52.8875,54.46,11631904
1636119000,55.16,55.25,52.2525,53.3125,7242868
1636381800,53.125,56.26,53.0025,54.66,8631648
1636468200,55.5,55.872475,51.11,51.65,7381192
1636554600,50.53,51.8475,49.125,49.7975,5237556
1636641000,50,52.0225,49.537525,51.08,4317604
1636727400,50.535,51.34,49.47,50.525,3711964
1636986600,50.965,52.875,50.4225,52.285,5865696
1637073000,52.255,53.1425,50.90625,51.795,4858384
1637159400,51.575,54.425,51.5,52.5,5410856
1637245800,52.5625,53.7844,51.875,52.53,4023100
1637332200,52.285,57.3475,52.0631,57.2,12174880
1637591400,57.615,62.41,57.43625,61.8875,17518416
1637677800,60.96,63.05,53.140025,53.475,13406544
1637764200,54.3125,55.997475,52,52.945,5237552
1637937000,52.02,52.932475,49.8,49.93,4941108
1638196200,51,51.9775,50.235,50.5025,4435376
1638282600,50.025,50.986475,47,49.0525,6895796
1638369000,49.85,50.02625,44.2525,44.96,9422140
1638455400,46.25,46.8575,43.2675,45.39,8348400
1638541800,45.25,45.9825,39.762525,43.0975,16386752
1638801000,41.5,43.335,40.8,41.78,8914544
1638887400,43.795,45.495,42.6275,44.4525,7889580
1638973800,44.15,45.062475,42.99,43.4125,10444780
1639060200,41.75,43.1725,37.75,38.94,20337360
1639146600,39.9575,40.575,37,39.7525,18107440
1639405800,40.0825,40.2225,33.767525,34.22,21944804
1639492200,32.75,37.5934,32.375,36.9225,26048532
1639578600,36.865,38,35.28,37.1475,11063968
1639665000,38.2325,38.61,35.5325,36.1475,8659048
1639751400,35.9375,39.6414,34.83275,38.91,17246480
1640010600,38.2975,39.92,37.425,39.285,7314244
1640097000,39.265,40.0625,38.785,39.53,5720952
1640183400,39.5825,39.788625,38.03,38.5,4188616
1640269800,38.5,38.75,36.505,38.035,4222156
1640615400,38,38.155275,35,37.0775,6461796
1640701800,36.875,39.3525,36.6025,36.615,5337888
1640788200,36.9625,38.8725,35.535,38.4825,8149624
1640874600,37.75,40,37.5,38.8325,6247528
1640961000,38.405,39.1825,37.025,37.0975,5575856
1641220200,37.3075,39.845,37.3025,38.21,5668004
1641306600,38.0425,38.2475,35.7625,37.2275,7339576
1641393000,37.0975,37.2125,32.287525,32.3425,13585600
1641479400,33.21,34.425,30.285,32.7575,24205920
1641565800,39.9425,40.0775,33.125,35.155,48549220
1641825000,33.7475,33.9225,30,32.7875,22047924
1641911400,32.525,34.2,31.847525,32.575,10332220
1641997800,32.5,32.83,31.6125,32.015,6298036
1642084200,32.125,32.625,30.4225,30.62,8901080
1642170600,30.0375,30.575,28.005,29.1625,15401912
1642516200,28.2775,28.4375,26.1005,27.2275,15037612
1642602600,27.5025,28.2625,26.1025,26.6425,9614316
1642689000,26.975,28.8,25.4,25.6675,11680296
1642775400,25.25,27.5525,23.18,26.59,22120044
1643034600,24.755,25.715,21.5725,25.0375,25070996
1643121000,24.23,26.2423,23.7525,24.9475,14297020
1643207400,25.275,29.75,25.0775,25.815,33330160
1643293800,26.035,26.75,23.221625,23.38,14679824
1643380200,23.85,24.5,21.90125,24.4775,16430268
1643639400,24.4675,27.454975,24.465,27.2325,13997092
1643725800,28.2525,29.1625,27.066225,28.15,13847508
1643812200,27.5875,27.964975,24.515,25.01,13116540
1643898600,25.375,26.735,24.4275,24.8075,10710076
1643985000,24.7525,26,23.77,25.585,7627164
1644244200,25.7475,26.346225,24.6925,25.585,7037440
1644330600,25.43875,29.417925,25.1375,28.9,19839624
1644417000,28.5225,31.1775,28.25,31.0725,15467580
1644503400,29.4875,32.945,29,30.6175,14826148
1644589800,30.62,32.4667,30.19265,31.0625,11299108
1644849000,30.7325,31.375,29.0375,29.2725,9102704
1644935400,30.24,31.807475,29.815,31.54,7920356
1645021800,31.1075,33.2125,30.98,32.0825,8007724
1645108200,31.6925,32.711975,30.555,30.8525,6256416
1645194600,31.05,31.4124,29.53275,30.3825,6214156
1645540200,29.55,30.8325,28.54625,29.515,6156452
1645626600,30.305,30.83875,28.570025,28.7175,5393008
1645713000,26.3825,31.4275,26.03,31.145,9024848
1645799400,30.8925,31.2425,29.12125,29.645,6841020
1646058600,30.25,31.57125,29.2225,30.835,6457988
1646145000,30.5475,31.4675,29.5875,29.755,4384084
1646231400,29.875,30.6675,29.09285,30.4925,5242600
1646317800,30.74,30.935,29.3075,29.6025,4382408
1646404200,29.5025,30.1275,27.6453,27.915,5920052
1646663400,28.75,28.75,24.025625,24.8375,12591460
1646749800,25.2575,27.2475,24.271525,25.7525,8536116
1646836200,26.745,27.215,25.875,26.3025,5598388
1646922600,25.98,26.0143,24.5628,25.14,5581868
1647009000,25.665,25.725,23.1725,23.1725,8822152
1647264600,23.3575,23.58,19.395,19.5275,18134456
1647351000,20.525,21.89,19.67,20.66,14115192
1647437400,21.2775,22.5025,20.5,21.715,10615712
1647523800,21.275,22.395,20.8625,21.925,13796480
1647610200,19.935,24.3625,19.725,22.6975,35688376
1647869400,22.5,24.8498,22.44,23.55,15812448
1647955800,23.85,31.4475,23.6125,30.785,60068908
1648042200,32.5,37.732475,31.6375,35.25,98399364
1648128600,33.50375,35.87,31.69,35.5975,36400600
1648215000,35.01,39.539975,34.55,37.9875,53535480
1648474200,37.995,47.71,37.88625,47.3975,65266096
1648560600,47.06,49.8525,40.75,44.975,72045956
1648647000,43.75,45.834225,41.25,41.7125,36676744
1648733400,40.775,43.93625,39.6275,41.645,44968912
1648819800,47.225,47.4422,38.815,41.25,52758252
1649079000,41.745,43.31,39.1275,42.6825,18560308
1649165400,42,42.1075,38,38.3975,15825264
1649251800,37.7525,39.821825,37.425,39.16,16267832
1649338200,38.5275,39.175,35.3925,37.5,15311388
1649424600,37.2725,37.67765,35.5075,36.5475,10371516
1649683800,35.76,37.055,35.1525,36.7325,9811916
1649770200,36.625,38.0625,35.41625,36.2175,7996544
1649856600,36.025,38.0325,35.505,37.675,8032900
1649943000,37.3175,39.125,36.805,37.6925,10002332
1650288600,37.5,37.81,34.31,35.365,9871124
1650375000,35.7125,38.245,34.964875,38.1175,9416676
1650461400,38,38.0825,36.6625,37.2125,4648012
1650547800,37.5,38.28,34.9775,35.39,6737468
1650634200,35.6375,36.575,33.8875,34.555,6278432
1650893400,33.8525,34.9275,33.321025,33.9875,6139116
1650979800,33.91,34.2,31.540925,31.9,6182896
1651066200,31.8175,33.17,31.146,32.46,5223496
1651152600,32.57,33.15085,30.125,32.3275,7084892
1651239000,31.825,32.7225,30.7525,31.2675,5143420
1651498200,30.9125,31.3475,28.175,29.8925,10171944
1651584600,29.62,31.1084,28.605,30.1075,7312684
1651671000,29.8025,31.9375,28.93,31.77,6651292
1651757400,30.985,31.1696,28.78,29.7825,7015448
1651843800,29.32,30.14,27.5575,28.675,7161632
1652103000,27.695,27.695,24.52,24.6975,13264936
1652189400,25.745,26.515,22,23.375,16603212
1652275800,23.3675,23.8175,20,20.3325,16681372
1652362200,20.76,27.015,19.4425,22.3925,40139760
1652448600,24.75,26.693925,23.76,24.5975,23930864
1652707800,24.7,24.79375,22.695,22.95,11582124
1652794200,23.475,25.095,22.8,25.095,10444948
1652880600,24.095,24.959975,22.54275,22.87,11560128
1652967000,22.805,25.4945,22.54,24.7975,12720540
1653053400,24.9525,25.6025,22.4375,23.915,9972096
1653312600,24.1425,24.32,22.875,24.0325,6993924
1653399000,23.5125,23.55,21.675,22.2875,8879480
1653485400,22.535,28.86835,22.535,28.7925,40060004
1653571800,29,37.115,28.675,32.115,57892320
1653658200,35.25,35.925,31.75,34.3025,30045076
1654003800,34.3025,34.9825,30.13,31.185,19084328
1654090200,30.705,32.3975,29.2525,30.35,14991732
1654176600,29.75,34.125,28.89,33.5,27918764
1654263000,32.5,34.525,31.05835,33.425,18234452
1654522200,33.825,34.02625,31.7625,32.025,9532920
1654608600,32.5,37.4725,31.58125,36.625,24967468
1654695000,35.3475,38.25,33.957475,34.6825,24473520
1654781400,34.6975,34.975,31.835,32.245,13135252
1654867800,31.5,32.9825,30.785,32.2725,11830196
1655127000,30.1275,31.1425,28.575,29.5625,13792816
1655213400,29.3925,31.999575,29.025,31.5425,12739140
1655299800,31.2375,32.99,30.91,32.3225,10764284
1655386200,31.235,32.3225,30.145225,31.4325,9995056
1655472600,31.715,33.964525,31.5791,33.785,12340908
1655818200,34.555,36.35,33.88,35.07,12512268
1655904600,34.6675,36.18235,34.1075,34.615,7846916
1655991000,35.41,35.9975,34.1825,35.505,6682900
1656077400,35.75,37.092475,32.8825,33.8025,16995764
1656336600,34.1175,34.263725,31.825,32.4225,9745448
1656423000,32.7525,32.8325,30.57,31.095,6621596
1656509400,30.3875,31.6225,29.8975,30.715,6826496
1656595800,29.8425,31.6475,29.4406,30.575,6718672
1656682200,30.2825,31.29265,29.8225,30.855,6617116
1657027800,30.375,30.6199,29.7525,30.0575,6045760
1657114200,30.1725,30.57,28.34355,29.3575,9988996
1657200600,31.1225,33.875,30.4525,33.78,30313564
1657287000,31.665,33.167475,30.6275,32.135,13199444
1657546200,32.14,32.935,31.16275,32.5225,7558344
1657632600,32.7,35.647475,31.815,34.28,16899680
1657719000,33.75,36.337475,33.75,35.32,13703788
1657805400,34.7975,37.9875,34.05,34.05,20970208
1657891800,34.86,35.5925,33.507525,35.41,9832472
1658151000,36.25,37.4,35.77405,36.66,11155132
1658237400,37.435,39.21,36.58775,37.925,12827820
1658323800,38.5,40.4075,38.35,39.6875,11400292
1658410200,39.93,40,37.2899,38.3675,9277796
1658496600,36.88,38.7,34.93,35.78,10060249
1658755800,35,35.51,33.25,33.98,5686259
1658842200,32.87,33.3098,32.1,32.43,4866070
1658928600,32.96,34.12,32.16,33.78,4251215
1659015000,33.39,34.43,32.66,33.84,3207363
1659101400,33.68,34.79,33.06,34.01,3988750
1659360600,33.8,35.71,33.77,34.78,4196630
1659447000,35.9,36.8,35.12,35.84,4697134
1659533400,36.22,38.01,36,37.93,5186482
1659619800,38.34,39.89,37.89,38.36,5421500
1659706200,37.37,40.43,36.56,40.02,8124235
1659965400,41.29,47.99,40.75,43.45,18045598
1660051800,42.14,43.1894,39,40.37,6954188
1660138200,42,42,38.6307,40.53,5434675
1660224600,40.91,41.97,39.35,39.45,5140480
1660311000,40,41.43,39.1503,40.74,5120040
1660570200,39.75,40.39,38.8061,39.68,5243088
1660656600,39.17,45.53,38.6,42.19,23602780
1660743000,42.175,44.36,40.41,40.52,9766448
1660829400,39.27,40.07,37.34,37.93,8145446
1660915800,35.18,37.19,34.67,36.49,9551861
1661175000,34.31,36.2,34.2,34.5,5798630
1661261400,34.7,34.99,33.4512,33.53,4836309
1661347800,34,34.935,32.44,32.5,5620333
1661434200,32.84,32.89,31.5014,31.96,4726286
1661520600,31.5,32.38,30.63,30.94,4297295
1661779800,30.48,32.7499,30.38,31.55,4292686
1661866200,31.62,31.8713,29.42,29.84,5060206
1661952600,29.25,29.96,28.26,28.64,5157027
1662039000,28,28.91,26.95,27.63,5293858
1662125400,28.26,28.74,26.93,27.36,4680123
1662471000,25.75,26.72,24.6658,25.14,7010190
1662557400,24.73,25.19,23.42,24.04,12504683
1662643800,25,26.74,24.07,25.83,14142214
1662730200,26.3,29.08,26.1,28.92,7916490
1662989400,29.03,30.3399,28,29.24,6175210
1663075800,27.4,28.61,27.3204,27.85,3657164
1663162200,27.56,28.45,26.65,28.13,3605752
1663248600,27.86,29.0734,27.86,28.61,3329490
1663335000,28.33,28.8,27.7807,28.64,4656038
1663594200,28.335,29.6459,28.15,28.96,3403984
1663680600,29.28,29.33,27.175,27.54,3145901
1663767000,27.45,28.99,26.77,26.86,3859156
1663853400,27.17,27.2732,24.38,24.7,4346547
1663939800,24.15,25.1499,24.06,25.04,3622430
1664199000,24.66,25.87,24.12,24.48,3440279
1664285400,25.47,26.39,25.13,26.13,4487179
1664371800,25.89,27.5,25.62,27.31,2630051
1664458200,27.08,27.69,24.69,25.46,4118215
1664544600,25.03,25.82,24.44,25.13,3148331
1664803800,25.14,25.63,24.21,25.38,2653852
1664890200,25.95,27.825,25.95,27.6,4581855
1664976600,26.77,26.98,25.43,26.39,2986448
1665063000,26.29,26.999,25.8,25.99,2418721
1665149400,25.84,25.84,24.42,25.35,3270565
1665408600,25.37,26.5,24.75,25,2917594
1665495000,24.87,26.3,23.9501,25.27,4195897
1665581400,25.96,26.89,25.27,25.36,3284353
1665667800,24.42,26.59,23.91,25.56,3516164
1665754200,25.77,26.37,24.63,24.63,2778436
1666013400,25.37,26.41,25.24,25.96,3172241
1666099800,27.1,27.74,26.13,26.67,4402577
1666186200,26,26.18,24.27,24.54,5318442
1666272600,24.65,25.449,24.07,24.41,5148627
1666359000,24.15,25.33,24.1,25.3,3036299
1666618200,25,25.19,24.11,24.71,3114308
1666704600,24.815,27.79,24.8,26.87,7791571
1666791000,26.37,27.48,25.32,25.42,3866779
1666877400,25.75,26.33,25.2,25.93,2422933
1666963800,26.88,28.79,26.42,28.17,8089647
1667223000,31.22,34.99,27.91,28.31,24027607
1667309400,29.4,29.69,27.62,28.39,5147499
1667395800,27.9,28.75,26.5,26.62,4143900
1667482200,26,27.285,26,26.29,3384428
1667568600,26.6,27.03,25.34,26.51,4137984
1667831400,26.25,26.3,24.8,25.76,3303627
1667917800,25.33,25.85,24.11,25.14,4695117
1668004200,24.55,24.67,21.89,23.11,8464777
1668090600,24.62,25.6969,23.91,24.88,6106952
1668177000,24.78,26.12,24.15,26.1,3986182
1668436200,26.3,27.38,25.61,26.05,4350537
1668522600,26.59,28.24,26.27,27.59,5391975
1668609000,26.62,27.35,26.37,27.14,2452335
1668695400,26.3,27.76,26.15,27.76,2477693
1668781800,28.16,28.6999,26.83,27.6,3087420
1669041000,26.66,27.83,24.855,25.16,4443252
1669127400,25.13,26.45,24.7,26.3,4240402
1669213800,25.92,27.14,25.92,26.7,2737491
1669386600,26.5,27.05,26.14,26.17,1122700
1669645800,25.79,26.44,25.2101,25.29,2453744
1669732200,25.58,26.35,25.32,25.6,2029480
1669818600,25.9,26.23,24.91,26.21,3731072
1669905000,26,27.5,25.18,26.6,7615154
1669991400,26.25,27.87,26.11,27.52,4577177
1670250600,27.31,27.48,25.44,25.56,4973747
1670337000,25.41,25.5761,23.11,23.39,7699321
1670423400,23.4,23.61,21.97,22.26,10078219
1670509800,22,25,21.97,24.79,10252000
1670596200,24.59,24.59,22.59,22.63,5326676
1670855400,22.66,23.15,22.18,22.67,3750805
1670941800,23.55,23.7,20.825,21,6305646
1671028200,21.19,22,21.01,21.05,4604808
1671114600,20.74,21.44,20.24,20.58,6444512
1671201000,20.48,21.115,20.01,20.8,9379717
1671460200,20.55,20.89,19.5925,19.92,3700556
1671546600,19.86,21.32,19.6238,20.26,4478987
1671633000,20.4,20.9,20.18,20.56,2793559
1671719400,20.5,20.5,18.5,19.81,5343087
1671805800,20,20.63,19.65,20.08,3174827
1672151400,19.91,19.99,18,18.2,4233045
1672237800,18.29,18.7,16.98,17.92,5671992
1672324200,18.12,18.57,17.75,18.33,3442757
1672410600,17.95,18.575,17.9,18.46,2669548
1672756200,18.64,19.26,17.091,17.2,5135191
1672842600,17.25,17.93,16.9,17.32,3939325
1672929000,17.06,17.26,15.89,16.22,6066158
1673015400,16,16.57,15.41,16.46,4823357
1673274600,16.65,17.13,16.36,16.38,3522596
1673361000,16.3,18.09,16.25,17.77,4402799
1673447400,18.19,20.05,17.86,19.04,8405821
1673533800,19.04,20.63,18.34,20.63,5877276
1673620200,19.88,21.11,19.8,20.49,5494405
1673965800,20.49,21.94,20.37,21.8,5407905
1674052200,22.01,22.15,20.5,20.79,5632161
1674138600,20.44,20.45,18.82,19.04,4519163
1674225000,19.05,20.0699,18.9,19.61,3564322
1674484200,19.5,22.49,19.37,21.66,7181508
1674570600,21.3,22.09,21,21.4,2381588
1674657000,20.59,20.84,19.53,20.23,3515791
1674743400,20.61,21.1685,19.38,20.01,3519973
1674829800,19.8,23.31,19.41,22.82,11897247
1675089000,22.5,23.48,21.13,21.25,4950563
1675175400,21.41,22.05,21.3,21.87,3128376
1675261800,21.49,22.12,20.55,21.83,4517191
1675348200,22.44,24.4,22.22,22.7,7655658
1675434600,22.01,23.9261,21.8,22.25,4935949
1675693800,21.88,24.88,21.7702,23.86,8708367
1675780200,23,23.05,20.5,21.22,9093668
1675866600,21.43,21.55,20.61,21.1,2846425
1675953000,21.25,21.645,19.67,19.67,4497399
1676039400,19.56,20.0399,19.05,19.27,2902678
1676298600,19.3,19.94,19.01,19.69,2299304
1676385000,19.31,20.01,19.1,19.87,2746308
1676471400,19.8,21.8,19.59,21.8,7147319
1676557800,21.25,22.42,20.85,21.6,3879046
1676644200,21.27,22.0699,21.15,21.99,2850979
1676989800,21.33,21.83,20.625,20.66,3100309
1677076200,20.53,21.1864,20.3331,20.52,2164879
1677162600,20.66,20.87,19.53,20.14,2862036
1677249000,19.71,20.08,19.54,19.54,2277573
1677508200,19.61,19.7,18.89,19.1,4006677
1677594600,19.06,19.52,18.95,19.23,3373826
1677681000,18.92,19.09,18.14,18.15,4210100
1677767400,18.15,18.4,17.62,18.19,2627304
1677853800,18.19,19.1,18.1,18.7,2505515
1678113000,18.52,19.5,18.52,18.65,2815336
1678199400,18.54,18.835,18.06,18.06,2375301
1678285800,18.05,18.38,17.6301,18.17,3277810
1678372200,18.065,18.38,17.475,17.52,2652605
1678458600,17.53,17.7657,16.85,17.25,2845501
1678714200,16.77,17.3531,16.52,16.75,2959090
1678800600,17.37,17.4099,16.402,16.91,3077400
1678887000,16.5,16.69,15.695,15.95,4541529
1678973400,16,16.7689,15.53,16.76,4093302
1679059800,16.62,16.72,15.9193,16.6,5105501
1679319000,16.65,17.27,16.25,16.87,4463676
1679405400,17.15,18.35,17.14,17.65,15882854
1679491800,26.6,27,23.05,23.87,66764650
1679578200,22.57,24.59,22.13,22.58,11168854
1679664600,22.32,23.99,22.1,23.98,8768674
1679923800,23.99,24.01,22.69,23,4580797
1680010200,22.97,23.54,22.22,23.15,5711651
1680096600,23.08,23.6965,22.22,22.46,4161361
1680183000,22.6,22.83,22.1076,22.5,3477609
1680269400,22.35,23.065,22.15,23.02,3880261
1680528600,22.94,23.85,22.66,23.17,4274492
1680615000,22.75,23.14,22.0901,22.35,3421464
1680701400,22.47,22.47,21.23,22.07,3638100
1680787800,22,22.67,21.77,22.4,2506935
1681133400,21.85,22.4299,21.82,22.37,2176087
1681219800,22.57,23.165,22.42,22.69,2539969
1681306200,22.9,23.28,22.26,22.26,2141141
1681392600,22.5,22.85,22.33,22.55,1803934
1681479000,22.74,23.25,22.32,22.46,2312372
1681738200,22.27,22.68,22.14,22.28,2066616
1681824600,22.14,22.32,21.5,21.61,2748702
1681911000,21.28,21.87,20.9602,21.31,2539480
1681997400,20.88,21.57,20.06,20.22,2977376
1682083800,20.2,20.62,20.1,20.49,2085872
1682343000,20.15,20.41,19.81,19.93,2742391
1682429400,19.74,20.04,18.91,19,2560841
1682515800,18.98,19.23,18.65,18.65,2287611
1682602200,18.75,19.3376,18.72,18.94,2238947
1682688600,18.92,19.72,18.88,19.29,2836576
1682947800,19.16,19.25,18.46,18.55,2356640
1683034200,18.45,18.58,18.06,18.58,1918257
1683120600,18.56,19.2,18.53,18.9,3184021
1683207000,19.25,19.48,18.9183,19.35,2041842
1683293400,19.62,20.8793,19.51,20.42,4357180
1683552600,20.46,20.99,20.0904,20.51,2402799
1683639000,20.16,20.65,20.1204,20.24,1522674
1683725400,20.45,20.96,20.38,20.76,2139945
1683811800,20.69,21.16,20.51,20.88,1652512
1683898200,20.83,20.98,20.23,20.69,2006061
1684157400,20.62,21.6331,20.49,21.62,2601994
1684243800,21.5,22.1,21.415,21.99,2500775
1684330200,21.99,23.25,21.895,22.87,4572988
1684416600,22.9,23.3,22.68,23.05,2144412
1684503000,22.94,22.985,21.75,22.06,2668214
1684762200,22.1,24.36,21.99,24.21,6251635
1684848600,23.89,23.9,22.8003,23.16,3786525
1684935000,23.13,23.52,22.7338,23.27,1900997
1685021400,23.5,23.6851,22.71,23.35,2494434
1685107800,23.47,23.71,23.06,23.25,2261884
1685453400,23.35,24.69,23.3,24.57,5037830
1685539800,24.51,24.8,23.88,24.05,4265226
1685626200,24.04,24.66,23.78,24.1,3844957
1685712600,24.29,24.93,24.28,24.64,3300736
1685971800,24.53,25.84,24.16,24.31,4975127
1686058200,24.01,25.2474,24,24.69,3984262
1686144600,26.2,26.55,25.07,26.11,18001073
1686231000,20.3,22,20.1,21.44,19213304
1686317400,21.78,23.4296,21.5,22.68,10342633
1686576600,22.845,24.3,22.7415,24.3,7142290
1686663000,26.2,27.65,25.03,26.95,17160607
1686749400,26.72,27.08,24.9,25.7,7243697
1686835800,25.41,26.1696,24.642,24.84,5501822
1686922200,25.02,25.11,24.42,24.56,4443512
1687267800,24.41,24.65,23.72,24.58,3254039
1687354200,24.84,25.1,24.1,24.43,2404694
1687440600,24.125,24.33,23.76,24.32,1895012
1687527000,23.78,24.15,23.68,23.7,2261038
1687786200,23.38,24.03,22.91,23.02,2525247
1687872600,23.29,23.6,23,23.58,2141510
1687959000,23.44,25.1,23.4,24.98,3493873
1688045400,24.96,25.47,24.62,24.9,3101049
1688131800,24.97,25.13,24.25,24.25,2803299
1688391000,24.29,25.11,24.21,24.91,1806580
1688563800,24.64,24.85,23.79,23.9,2268244
1688650200,23.52,23.57,22.82,22.83,2390303
1688736600,22.97,23.53,22.6709,22.71,2447203
1688995800,22.61,23.56,22,23.54,3318214
1689082200,23.2,24.44,23.2,23.91,3063534
1689168600,24.25,24.31,23.44,23.44,1742244
1689255000,23.54,23.98,23.42,23.46,1912157
1689341400,23.49,23.7184,22.94,22.97,2178827
1689600600,22.88,23.31,22.7,22.82,2033970
1689687000,22.72,23.8,22.68,23.08,2345137
1689773400,23.42,23.58,22.96,23.17,2250133
1689859800,23.01,23.22,22.66,22.91,2256659
1689946200,23.05,23.22,22.16,22.18,3167916
1690205400,22.42,23.04,22.2,23.04,2970433
1690291800,23.1,23.1,22.53,22.85,1671991
1690378200,22.7,22.99,22.48,22.7,1489152
1690464600,22.94,23.49,22.1302,22.22,3370913
1690551000,22.02,22.49,21.79,21.93,2647747
1690810200,22,22.38,21.8493,22.2,1975391
1690896600,21.95,22,21.26,21.5,2574804
1690983000,21.15,21.15,20.34,20.83,2630714
1691069400,20.88,21.18,20.74,20.93,1324938
1691155800,20.95,21.89,20.89,20.98,2406033
1691415000,20.9,21.24,20.48,21.07,1441290
1691501400,20.7,20.895,20.28,20.74,1431250
1691587800,20.85,20.85,19.82,19.93,2929553
1691674200,20,20.29,19.87,20.19,1432446
1691760600,20.03,20.38,19.97,20.19,1522912
1692019800,19.75,20.01,19.08,19.96,3329291
1692106200,19.77,19.78,19.09,19.33,2290326
1692192600,19.18,19.34,18.55,18.59,3015627
1692279000,18.79,18.81,18.3,18.38,2056830
1692365400,18.18,18.66,18.14,18.36,2029098
1692624600,18.3,18.8225,18.2,18.48,2864735
1692711000,18.62,18.62,17.25,17.26,3791911
1692797400,17.25,17.34,16.88,16.89,2909054
1692883800,16.94,16.98,16.18,16.36,3624485
1692970200,16.5,17.18,16.45,17.13,3423462
1693229400,17.35,18.11,17.25,17.57,3007418
1693315800,17.6,18.55,17.6,18.24,2709238
1693402200,18.2,18.525,17.91,18.37,1884501
1693488600,18.41,19.42,18.15,18.55,4674143
1693575000,18.66,18.73,18.32,18.42,2135901
1693920600,18.45,19.3399,18.26,19.23,3781292
1694007000,19.06,19.15,18.42,18.75,6107245
1694093400,19.13,19.48,17.61,18.89,5021288
1694179800,18.15,18.5,17.35,17.71,4694034
1694439000,17.85,17.85,16.9,17.02,3543797
1694525400,17.53,18.5,17.19,17.23,5179405
1694611800,17.31,17.93,17.27,17.81,3012556
1694698200,17.8,18.52,17.6,18.33,3077962
1694784600,18.36,18.61,18.15,18.22,6166608
1695043800,17.99,18.1,17.35,17.55,3694591
1695130200,17.59,17.635,17.13,17.52,2584791
1695216600,17.63,17.93,17.45,17.52,2134121
1695303000,17.28,17.315,16.65,17.02,2913533
1695389400,17.18,17.35,17,17.18,2102886
1695648600,17,17.72,16.85,17.67,2181230
1695735000,17.38,17.8175,16.78,16.78,2726813
1695821400,16.87,17.26,16.81,17.15,1681325
1695907800,18.02,18.1,16.44,16.84,7431938
1695994200,17.05,17.26,16.4,16.46,3397024
1696253400,16.3,16.31,15.255,15.39,6087651
1696339800,15.29,15.29,14.5681,14.6,4510325
1696426200,14.77,14.94,14.44,14.87,2586368
1696512600,14.7,14.98,14.58,14.71,1945094
1696599000,14.59,15.255,14.58,15.08,2467053
1696858200,14.77,15.5,14.72,15.4,2276323
1696944600,15.5,16.19,15.4,16,2915872
1697031000,16.01,16.085,15.74,15.82,2098203
1697117400,15.77,15.8,14.82,15.09,3180340
1697203800,14.92,15.105,14.78,14.92,1835601
1697463000,14.81,14.93,14.15,14.43,3508601
1697549400,14.25,14.828,14.1,14.12,3842428
1697635800,14,14.25,13.8101,13.85,4045789
1697722200,13.8,13.85,12.9,13.16,5808038
1697808600,13.18,13.8,13.12,13.44,3661770
1698067800,13.28,13.59,13.04,13.44,2785462
1698154200,13.59,14.3,13.552,14.04,3738325
1698240600,14.01,14.01,13.605,13.71,1967280
1698327000,13.73,13.8,13.41,13.5,2036419
1698413400,13.51,13.615,13.02,13.12,2481701
1698672600,13.15,13.27,12.59,12.8,3475939
1698759000,12.85,13.9,12.82,13.77,4574637
1698845400,13.78,13.8,13.01,13.01,3430138
1698931800,13.37,13.695,13.275,13.64,3566585
1699018200,13.9,14.4,13.8314,13.87,2966237
1699281000,13.99,14.045,13.485,13.53,2164399
1699367400,13.47,13.79,13.23,13.64,2354364
1699453800,13.51,13.76,13.28,13.28,1705621
1699540200,13.25,13.3229,12.7,12.7,2750115
1699626600,12.81,12.97,12.35,12.54,3875692
1699885800,12.5,12.53,11.825,12.14,4318457
1699972200,12.75,13.39,12.69,12.9,5187534
1700058600,13.15,13.5,13.03,13.27,4121561
1700145000,13.14,13.19,12.52,12.53,3425773
1700231400,12.52,13.055,12.52,13.03,3422596
1700490600,13,13.2,12.8,12.8,2301584
1700577000,12.65,12.72,12.255,12.55,3710097
1700663400,12.56,12.71,12.1901,12.29,2362461
1700836200,12.22,12.41,12.175,12.2,1232474
1701095400,12.18,12.33,11.89,11.91,3710572
1701181800,11.9,13.55,11.89,13.49,14192944
1701268200,15.49,17.56,14.7,16.25,61172837
1701354600,16.29,16.33,14.315,14.55,16537171
1701441000,14.52,15.99,14.5,15.3,13378653
1701700200,15.29,17.41,14.9119,16.98,20098656
1701786600,16.47,16.72,14.87,14.91,14220059
1701873000,15.36,15.7,14.64,14.84,12691339
1701959400,13.71,16.52,13.56,16.36,19840668
1702045800,15.83,16.48,15.47,15.55,10401387
1702305000,15.45,15.69,14.975,15.07,4961223
1702391400,15.12,15.36,14.84,15.22,4210660
1702477800,15.22,16.8,15.19,16.69,9086880
1702564200,17.14,17.875,16.8,17.44,10750745
1702650600,17.4,17.58,17.0102,17.26,7119134
1702909800,17.24,18.51,17.1,17.86,7352154
1702996200,17.89,18.59,17.23,17.72,5447123
1703082600,17.53,18.3799,16.89,16.93,5552971
1703169000,17.19,17.3352,16.5912,16.98,3975273
1703255400,16.78,17.2,16.45,16.97,3329896
1703601000,16.98,17.4099,16.82,17.36,3079617
1703687400,17.43,18.37,17.3669,18.37,4800071
1703773800,18.05,18.3201,17.85,18.07,3574783
1703860200,18.04,18.16,17.46,17.53,4536656
1704205800,17.25,17.595,16.58,16.67,4428020
1704292200,16.3,16.825,15.9001,16.69,4193550
1704378600,16.51,16.75,16.31,16.36,2671512
1704465000,16.16,16.5199,15.96,15.96,2619192
1704724200,15.78,16.12,15.7,15.79,3031109
1704810600,15.59,15.62,15.1201,15.16,3105267
1704897000,15.12,15.76,14.97,15.73,3191714
1704983400,15.65,15.8,15.24,15.25,2992177
1705069800,15.3,15.62,14.73,14.75,2479772
1705415400,14.6,14.62,13.93,13.98,3581167
1705501800,13.86,14.11,13.71,14.08,2706197
1705588200,14.2,14.765,14.05,14.29,3906004
1705674600,14.36,14.6,14.085,14.51,2396197
1705933800,14.5,15.1619,14.3,14.9,3606547
1706020200,15,15.0247,14.05,14.18,3495270
1706106600,14.28,14.38,13.82,13.95,2513801
1706193000,13.97,14.5399,13.92,14.52,3635866
1706279400,14.44,14.72,14.41,14.49,2288709
1706538600,14.5,14.805,14.315,14.78,2164235
1706625000,14.54,14.82,14.51,14.55,1652561
1706711400,14.4,14.83,14.22,14.23,2684680
1706797800,14.34,14.42,14.02,14.42,2220154
1706884200,14.15,14.92,14.08,14.73,2924462
1707143400,14.5,14.61,13.4,13.46,4361519
1707229800,13.6,14.3,13.43,14.1,3052466
1707316200,14.12,14.3,13.7805,14.07,1947793
1707402600,14.01,14.44,13.89,14.35,1838274
1707489000,14.37,15.23,14.3,14.66,3575284
1707748200,14.58,15.22,14.53,14.73,2750144
1707834600,14.2,14.3997,13.765,14.17,3788691
1707921000,14.33,14.43,14.05,14.41,2504419
1708007400,14.54,14.75,14.23,14.51,2400542
1708093800,14.46,14.5334,14.1,14.12,2301927
1708439400,13.96,14.0477,13.16,13.49,3784513
1708525800,13.46,13.67,13.2301,13.41,1731270
1708612200,13.5,13.65,13.335,13.36,1817822
1708698600,13.3,13.79,13.12,13.51,2319731
1708957800,13.31,13.745,13.2,13.68,2278614
1709044200,13.7,14.2901,13.68,14.21,2795509
1709130600,14,14.47,13.89,14.24,2440715
1709217000,14.34,14.65,14.03,14.27,2638703
1709303400,14.18,15.09,13.991,14.95,4899457
1709562600,14.93,15.5885,14.83,15.22,4367601
1709649000,14.95,15.28,14.78,15,3152726
1709735400,15.22,15.885,14.94,15.26,3818096
1709821800,15.26,15.51,15.05,15.26,2111912
1709908200,15.4,15.63,14.515,14.65,3169763
1710163800,14.64,14.94,14.36,14.43,2111889
1710250200,14.35,14.835,14.09,14.72,2382616
1710336600,14.69,15.2,14.62,14.87,2898100
1710423000,14.8,15.02,14.4,14.63,2534219
1710509400,14.55,14.83,14.21,14.24,4480662
1710768600,14.25,14.3,13.9,13.91,3490830
1710855000,13.76,13.894,13.3,13.41,3894727
1710941400,13.47,13.7897,13.21,13.48,3921267
1711027800,13.56,14.02,13.48,13.66,3382799
1711114200,13.76,13.95,13.01,13.1,4411634
1711373400,13.42,15.1479,13.3121,15.12,10416330
1711459800,15.15,15.63,14.75,15.5,17245815
1711546200,13.05,13.72,12.8,13.17,17871313
1711632600,13.19,13.19,12.47,12.52,8473465
1711978200,12.63,12.67,11.545,11.99,9207097
1712064600,11.84,11.99,11.26,11.28,6327692
1712151000,11.22,11.5,10.9,11.38,4331531
1712237400,11.5,11.825,11.3799,11.53,4347040
1712323800,11.3,11.5,10.97,11.25,4759967
1712583000,11.3,11.365,10.83,10.83,3659142
1712669400,10.85,11.175,10.73,11.01,3514403
1712755800,10.9,11.07,10.7501,10.85,3546218
1712842200,10.91,11.39,10.8,11.29,3802099
1712928600,11.21,11.23,10.76,10.77,3214436
1713187800,10.81,10.84,10.06,10.06,5086322
1713274200,10,10.55,9.95,10.37,4162126
1713360600,10.44,10.59,10.3,10.3,2096726
1713447000,10.32,10.625,10.27,10.31,2175390
1713533400,10.2,10.495,10.2,10.42,2462726
1713792600,10.41,10.445,10.01,10.01,3261000
1713879000,10.05,10.28,10.01,10.16,2511759
1713965400,10.16,10.94,10.16,10.93,4829577
1714051800,10.7,11.21,10.475,11.21,4903794
1714138200,11.18,12.19,11,11.9,7685106
1714397400,11.84,11.96,11.175,11.29,3835686
1714483800,11.18,11.3,10.91,11.09,2866509
1714570200,11.03,11.32,10.7,10.91,2659899
1714656600,11.11,12.88,10.96,12.76,8654774
1714743000,12.42,17.45,12.31,16.47,36292446
1715002200,14.99,17.4,13.6202,16.31,48018669
1715088600,15.85,17.29,14.93,16.31,24308559
1715175000,16.05,17.24,15.3304,15.92,24775091
1715261400,15.9,18.51,15.35,18.01,25759327
1715347800,17.93,20.2,16.88,17.46,36831948
1715607000,26.34,38.2,24.77,30.45,187241727
1715693400,64.83,64.83,36,48.75,206979143
1715779800,40.31,42.35,31,39.55,131790064
1715866200,33.98,35.24,27.59,27.67,76177575
1715952600,21.86,22.41,19.7,22.21,96079620
1716211800,21.54,23.4,18.94,23.14,55261637
1716298200,22.24,22.85,20.0401,22.12,49250073
1716384600,21.56,22.25,20.76,21.12,43521390
1716471000,21.4,21.4,18.26,18.32,30561058
1716557400,18.42,19.68,17.7,19,43017089
1716903000,23.1,26.66,21.15,23.78,105077564
1716989400,22,22.98,21.0501,21.24,26921157
1717075800,21.02,22.7,20.1,22.61,24508770
1717162200,22.58,23.72,21.6802,23.14,22174274
1717421400,40.19,40.5,26.4,28,165808288
1717507800,26.26,28.01,25.2,26.5,51662126
1717594200,26.3,31.84,26.11,31.57,73156424
1717680600,31.57,47.5,31.28,46.55,206685844
1717767000,37.69,48,26.12,28.22,279054397
1718026200,28.97,29.34,23.06,24.83,131572406
1718112600,24.4,30.92,22.79,30.49,146914749
1718199000,29.17,33.7,24.83,25.46,147986688
1718285400,26.56,29.58,25.56,29.12,107306569
1718371800,29.23,30.66,27.41,28.7,82874430
1718631000,28.55,29.18,23.79,25.22,89581379
1718717400,24.58,25.97,23.61,24.7,38079233
1718890200,24.25,25.93,23.65,25.59,36029250
1718976600,25.24,25.81,23.51,23.93,28003995
1719235800,23.26,24.83,23.24,23.65,22162932
1719322200,23.6,24.97,22.55,24.93,27625607
1719408600,24.6,25.38,24.04,24.2,17903022
1719495000,24.1,26.69,24.06,25.09,34866993
1719581400,25.02,26.17,24.31,24.69,20212010
1719840600,23.35,23.78,22.31,23.33,30688982
1719927000,23.24,24.3199,23.1,23.98,13703516
1720013400,24.03,24.89,23.65,24.37,11829528
1720186200,24.18,25.0799,23.82,24.18,11782058
1720445400,24.12,25.14,23.85,24.45,11815529
1720531800,24.6,25.1799,24,24.6,9523548
1720618200,25,26.45,24.9,24.97,22325378
1720704600,25.435,26.02,25.02,25.57,13032724
1720791000,25.76,26.89,25.42,26.05,16238873
1721050200,25.98,27.2,25.651,27,17136420
1721136600,27.75,28.83,27.3701,28.54,25594530
1721223000,28.4,29.79,27.24,27.98,23775045
1721309400,27.98,28.382,25.61,25.88,16969661
1721395800,25.55,26.39,24.85,24.97,12763308
1721655000,24.84,25.98,24.38,25.22,14090399
1721741400,25.22,25.68,24.89,25.5,7921716
1721827800,25.15,25.45,23.93,24.01,9549237
1721914200,23.59,24.5899,23.36,23.95,8567677
1722000600,24.28,24.77,24.11,24.13,6833886
1722259800,24.23,24.38,23.54,23.6,7250207
1722346200,23.6,23.89,22.34,22.4,9272417
1722432600,22.86,23.45,22.61,22.67,8005777
1722519000,22.92,23.09,21.56,21.71,9334381
1722605400,20.95,21.61,20.43,21.07,9029964
1722864600,18.83,20.8,18.73,20.65,12205928
1722951000,21.02,21.58,20.26,21.28,6505327
1723037400,21.15,21.46,20.38,20.83,6101059
1723123800,21.01,21.88,20.81,21.75,5439748
1723210200,21.51,22.17,21.46,21.93,4828921
1723469400,21.98,22.27,21.45,21.88,4449080
1723555800,21.96,22.3799,21.86,22.27,3913677
1723642200,22.34,22.73,21.79,21.99,3489360
1723728600,22.25,22.84,21.97,22.53,5361386
1723815000,22.37,22.69,22.2376,22.4,3641797
1724074200,22.35,23.1,22.324,22.66,4543483
1724160600,22.5,22.52,21.96,22.28,3570256
1724247000,22.17,22.65,22.16,22.55,3163206
1724333400,22.5,22.76,22.09,22.12,3382471
1724419800,22.25,22.62,22.18,22.21,4056656
1724679000,22.25,22.39,21.3,21.36,4780548
1724765400,21.06,21.29,20.66,20.74,4118764
1724851800,20.71,21.07,19.88,19.9,5219461
1724938200,20.5,22.45,20.47,21.51,10428350
1725024600,21.82,23.48,21.73,23.42,15680722
1725370200,24.15,24.69,22.82,23.14,11350531
1725456600,22.85,23.71,22.11,22.12,6700878
1725543000,22,22.68,21.6568,22.39,5101162
1725629400,22.4,24.48,21.8,23.92,23883993
1725888600,23.24,25.015,23.16,24.25,14064701
1725975000,24.77,24.8,23.132,23.45,19175494
1726061400,20.82,21.09,19.31,20.64,28921512
1726147800,20.47,20.71,19.991,20.4,9567543
1726234200,20.49,20.915,20.34,20.65,8053728
1726493400,20.45,20.52,19.9159,20.09,5981249
1726579800,20.24,20.56,19.92,20.16,6307585
1726666200,20.05,20.26,19.42,19.65,10728196
1726752600,19.89,20.0296,19.47,19.51,8902553
1726839000,19.63,22.03,19.482,21.85,61919240
1727098200,21.54,22.56,21.2301,22.31,13969516
1727184600,22.61,22.72,21.54,22.63,12121429
1727271000,22.16,22.83,22.065,22.18,6139651
1727357400,22.4,22.64,21.87,22.29,5777488
1727443800,22.39,23.1,21.97,22.48,7416488
1727703000,22.3,23.64,22.17,22.93,10181783
1727789400,22.95,23.12,21.81,21.97,7189201
1727875800,21.86,22.3,21.41,21.49,5673071
1727962200,21.36,21.79,21.11,21.2,4665773
1728048600,21.48,21.97,21.2873,21.4,5316802
1728307800,21.35,21.53,20.81,20.9,5988031
1728394200,20.9,21.27,20.5258,20.71,4840468
1728480600,20.5,20.74,20.3,20.5,3914000
1728567000,20.47,21.045,20.375,20.91,4180798
1728653400,20.66,21.22,20.66,20.83,3931552
1728912600,20.75,21.67,20.46,21.33,6636553
1728999000,21.45,21.68,20.975,21.27,4851908
1729085400,21.13,21.75,21.03,21.66,4264618
1729171800,21.5,21.66,21.23,21.41,3015289
1729258200,21.41,21.605,20.98,21.22,5302231
1729517400,21.1,21.2166,20.66,20.7,3956456
1729603800,20.62,20.94,20.43,20.93,3232303
1729690200,20.73,20.9799,20.35,20.54,2944961
1729776600,20.63,20.84,20.48,20.63,2682336
1729863000,20.65,21.4299,20.54,20.57,5989028
1730122200,20.84,22.77,20.73,22.73,13641237
1730208600,22.7,23.2,22.09,22.68,10078118
1730295000,23.4,24.54,22.75,23.28,12383567
1730381400,22.83,23.0306,22.05,22.18,5594540
1730467800,22.4,23.05,22.08,22.41,4744478
1730730600,22.2,22.65,21.8823,22.33,4300154
1730817000,22.32,23.2,22.2734,22.99,5858361
1730903400,23.31,23.82,22.9,23.1,6648026
1730989800,23.07,23.655,22.81,23.45,5554436
1731076200,23.44,25.3899,23.24,24.88,15908649
1731335400,25.26,28.05,24.6271,27.26,26633024
1731421800,26.06,27.1,24.95,26.84,18972745
1731508200,26.26,28.22,26.22,26.46,18490280
1731594600,27.17,28.28,26.7203,27.37,16502034
1731681000,28.08,28.59,26.32,26.59,16451823
1731940200,26.65,27.16,25.85,26.44,8541606
1732026600,25.89,27.6,25.71,27.57,8698625
1732113000,27.26,29.8,27.26,28.45,22089651
1732199400,29.09,29.17,27.18,27.82,10587186
1732285800,27.88,28.46,27.42,27.9,7975658
1732545000,28.05,29.77,27.96,29.67,13090436
1732631400,29.4,32.12,28.78,30.33,24657344
1732717800,30.8,31.55,30.51,30.89,12895064
1732890600,31.01,31.08,28.85,29.05,10473520
1733149800,28.96,29.365,26.745,27.27,13576632
1733236200,26.55,27.59,26.4907,27.44,6009926
1733322600,27.07,27.83,26.63,27.03,6387537
1733409000,27,30.87,26.1501,28.63,40704909
1733495400,29.12,29.35,28.11,29.06,15161435
1733754600,29,29.86,27.74,27.93,11495415
1733841000,27.88,28.39,26.85,26.93,18209436
1733927400,27.75,30.16,27.51,28.97,20484956
1734013800,28.9,29.6592,28.58,28.75,8855674
1734100200,28.7,28.86,27.922,27.99,6581586
1734359400,27.7,29.59,27.27,29.44,8700033
1734445800,29.635,31.88,29.635,31.26,19948086
1734532200,31.1,31.7,28.34,28.55,13947264
1734618600,29.155,30.6,28.82,29,10338215
1734705000,28.54,30.52,28.3093,29.82,19606720
1734964200,29.82,31.11,29.7802,30.9,8226542
1735050600,31,31.594,30.58,31.14,5523507
1735223400,32.62,34.37,31.6,32.99,20510653
1735309800,32.39,33.05,30.73,32.2,10141662
1735569000,31.8,32.88,31.61,32.01,9593140
1735655400,32.06,32.44,31.1,31.34,7395297
1735828200,31.84,32.05,30.3701,30.66,7979732
1735914600,30.8,32.14,30.5659,31.65,7461759
1736173800,31.7,33.49,30.76,32.82,12609406
1736260200,32.8,34.4,31.71,33.37,13360663
1736346600,32.97,33.37,32.41,32.96,6319956
1736519400,32.5,32.94,31.4,32.31,7068203
1736778600,31.6,31.7999,30.9,31.02,5566985
1736865000,31.26,31.6799,27.5601,27.88,11796595
1736951400,28.9,29.33,27.84,27.96,6025350
1737037800,27.94,28.14,27.41,27.72,4431995
1737124200,27.61,28.7899,27.02,27.51,8977526
1737469800,27.4,27.57,26.33,27.47,5867780
1737556200,27.36,28.016,27.3,27.65,5025385
1737642600,27.88,29.26,27.68,28.33,8828170
1737729000,28.3,28.67,27.62,27.77,4511646
1737988200,26.92,27.6796,26.8,26.98,5060256
1738074600,27,27.59,26.6539,27.46,3169854
1738161000,27.41,27.74,27.06,27.51,3220404
1738247400,27.84,28.23,27.7125,27.99,3343948
1738333800,27.79,28.18,26.9,26.9,4544033
1738593000,25.57,26.54,25.5,25.89,5740535
1738679400,25.85,26.25,25.8,25.9,3353742
1738765800,25.7,25.809,24.9,24.93,4580218
1738852200,24.93,25.39,24.53,24.8,4349516
1738938600,24.9,25.02,24.6,24.73,3403304
1739197800,25.5,27.27,25.3,27.12,9694662
1739284200,26.85,27.76,26.47,26.56,7042658
1739370600,26.12,26.4,25.6,25.99,3999243
1739457000,25.75,26.4,25.75,26.34,8255330
1739543400,28.9,28.97,26.9,27,12142612
1739889000,27.03,27.59,26.6608,26.97,5337801
1739975400,26.8,26.96,25.92,26,4382120
1740061800,25.8,27.45,25.76,27.04,7735228
1740148200,27.25,27.58,26.1553,26.42,6130903
1740407400,26.34,26.385,24.95,25,5980021
1740493800,24.93,25.29,23.83,24.42,6551451
1740580200,24.54,25.21,24.45,24.61,3272498
1740666600,25,25.37,24.14,24.48,4589982
1740753000,24.33,25.0965,24.2,25.04,4137068
1741012200,25.26,25.48,24.18,24.4,4290981
1741098600,23.77,24.86,23.44,24.3,5068726
1741185000,24.33,25.16,24.11,25.07,3282452
1741271400,24.74,25.01,24.05,24.2,3421446
1741357800,24,24.35,23.52,24,3463954
1741613400,23.44,23.5799,22.26,22.42,6226934
1741699800,22.35,22.98,22.0825,22.61,4226922
1741786200,22.945,23.24,21.89,21.99,3718208
1741872600,22.05,22.25,21.56,21.95,3829828
1741959000,22.29,23.15,22.29,23.05,3960539
1742218200,23.24,23.73,22.97,23.5,2899087
1742304600,23.29,23.62,23.14,23.3,2155842
1742391000,23.4,23.99,23.26,23.71,3032256
1742477400,23.65,24.12,23.51,23.51,1998220
1742563800,23.75,24.81,23.65,24.75,6893871
1742823000,25.35,25.83,25.15,25.61,5036047
1742909400,25.7,25.77,24.9901,25.4,10106783
1742995800,28.84,29.8,27.32,28.36,53312955
1743082200,25.865,26.28,21.16,22.09,96733093
1743168600,21.89,22.79,21.7,21.73,44771676
1743427800,21.4,22.63,20.7301,22.32,16147925
1743514200,22.755,23.245,21.95,22.61,14435333
1743600600,22.49,23.02,22.25,22.69,10965121
1743687000,21.6,21.78,21.08,21.1,11141888
1743773400,21.42,23.85,20.78,23.49,20608194
1744032600,22.6,25.02,22.4,24.29,17191901
1744119000,24.82,24.9318,22.97,23.39,12062268
1744205400,23.03,25.459,23.03,25.4,17695938
1744291800,25,26.2,24.41,25.02,11545364
1744378200,25.5,26.44,25.25,26.4,10984060
1744637400,26.66,27.18,25.68,26.98,10628362
1744723800,26.88,27.38,26.62,26.7,6738083
1744810200,26.45,26.6635,25.7201,26.25,6292788
1744896600,26.21,27.1854,26.17,26.78,7434838
1745242200,26.71,27.0399,25.79,26.77,7689967
1745328600,26.99,27.94,26.88,27.8,11065946
1745415000,28.2,28.25,26.96,27.11,8862655
1745501400,27.1,27.5799,26.836,27.08,6212122
1745587800,27.13,27.8,27.13,27.46,5853359
1745847000,27.4,27.59,26.98,27.59,6819305
1745933400,27.45,27.94,27.26,27.26,5497551
1746019800,26.9,27.93,26.79,27.86,6578094
1746106200,27.98,28.35,27.415,27.43,5693525
1746192600,27.7,27.9163,27.15,27.48,5579861
1746451800,27.325,27.41,26.35,26.6,7132359
1746538200,26.44,26.5,25.665,26.04,5883843
1746624600,26.19,26.34,25.88,26.01,4386935
1746711000,26.3,26.99,26.18,26.78,6521684
1746797400,26.78,27.73,26.76,27.54,7795212
1747056600,28.06,28.18,27.285,28.05,7395242
1747143000,28.05,28.8599,28.05,28.39,10365258
1747229400,28.48,29.39,28.3,28.73,14552315
1747315800,28.58,28.64,27.42,28.63,9364353
1747402200,28.61,29.06,28.3,28.45,6504447
1747661400,27.75,28.2,27.69,27.89,4223534
1747747800,27.89,28.78,27.85,28.51,4795105
1747834200,28.4,29.19,28.0201,28.05,8762022
1747920600,28.55,31,28.49,30.86,21451030
1748007000,30.6,33.21,30.545,33.03,30477595
1748352600,33.97,35.74,33.63,35.01,33217805
1748439000,35.785,35.81,30.73,31.21,45300350
1748525400,31.17,31.35,29.32,29.57,15887926
1748611800,29.2,30.49,29.185,29.8,10227796
1748871000,29.87,30.88,29.73,30.64,7430729
1748957400,30.81,31.05,30.02,30.1,6086532
1749043800,29.9,30.97,29.34,29.95,7313977
1749130200,29.81,30.608,29.23,29.45,6356776
1749216600,29.68,30,29.52,29.58,4379288
1749475800,29.92,30.49,29.45,30.34,5836161
1749562200,30.54,30.6,29.66,30.15,11974428
1749648600,29.02,29.4138,28.42,28.55,18039170
1749735000,23.57,24.3,21.54,22.14,172324520
1749821400,22.18,23.15,22.1033,22.14,59849893
1750080600,22.77,23.46,22.41,23.32,31522657
1750167000,23,23.78,22.79,22.99,24797599
1750253400,23.07,23.95,22.9297,23.44,14712148
1750426200,23.52,23.725,23.13,23.46,19994180
1750685400,23.03,23.33,22.45,22.82,12120494
1750771800,23.03,23.326,22.85,23.29,11660172
1750858200,23.38,23.69,23.05,23.55,9840749
1750944600,23.4,24.06,23.3,23.88,8777965
1751031000,23.99,24.26,23.46,23.59,11638237
1751290200,23.64,24.4,23.54,24.39,10439313
1751376600,24.15,24.5,23.68,23.68,8308047
1751463000,23.9,24.1,23.75,23.95,6428597
1751549400,23.85,24.16,23.49,23.59,5566311
1751895000,23.48,23.48,22.53,22.62,12873527
1751981400,22.71,22.95,22.58,22.75,7863631
1752067800,22.88,23.6,22.53,23.19,14641415
1752154200,23.04,23.3264,23.01,23.1,5990997
1752240600,23.13,24.05,23.13,23.33,11454086
1752499800,23.44,23.84,23.3927,23.7,7769614
1752586200,23.66,23.68,23.17,23.22,7321570
1752672600,23.4,23.845,23.31,23.68,7738267
1752759000,23.54,23.72,23.38,23.4,7307167
1752845400,23.46,23.51,23.13,23.28,6628396
1753104600,23.28,24.43,23.05,24.2,17718374
1753191000,24.14,24.84,23.53,24.26,12006257
1753277400,24.46,24.75,23.81,23.96,8305149
1753363800,23.89,23.94,23.46,23.53,6338139
1753450200,23.51,23.6,23.25,23.33,7090634
1753709400,23.345,23.56,22.95,22.98,11481943
1753795800,23.01,23.04,22.53,22.55,6078838
1753882200,22.59,22.785,22.27,22.45,7956586
1753968600,22.35,23.34,22.3,22.45,13749907
1754055000,22.32,22.606,21.92,22.1,7878440
1754314200,22.25,22.67,22.07,22.63,5059365
1754400600,22.5,23.05,22.46,22.81,4981405
1754487000,22.82,22.86,22.4201,22.81,4825043
1754573400,22.8,23.125,22.49,22.65,4456288
1754659800,22.63,22.83,22.22,22.27,4833088
1754919000,22.29,22.805,22.29,22.41,5212532
1755005400,22.5,22.945,22.47,22.93,4887648
1755091800,22.95,23.21,22.81,23.02,5349328
1755178200,22.84,22.9099,22.57,22.89,4779950
1755264600,22.94,23.02,22.665,22.94,4965589
1755523800,22.94,23.17,22.9,23.11,5107095
1755610200,23.1,23.18,22.7,22.82,5532814
1755696600,22.72,22.7679,22.37,22.63,4388719
1755783000,22.6,22.6224,22.38,22.56,4090609
1755869400,22.65,23.0258,22.615,22.89,5551442
1756128600,22.86,22.9,22.5636,22.68,3801008
1756215000,22.67,22.8,22.27,22.3,7867554
1756301400,22.46,22.575,22.27,22.5,6891997
1756387800,22.56,22.895,22.37,22.79,6482312
1756474200,22.72,22.82,22.41,22.41,5371497
1756819800,22.355,23.41,22.18,23.41,9567042
1756906200,23.51,23.73,22.6807,22.88,9771430
1756992600,22.76,22.8454,22.37,22.37,5531803
1757079000,22.6,22.785,22.28,22.61,11183337
1757338200,22.66,23.47,22.5619,23.22,10151222
1757424600,23.1,23.628,22.94,23.59,18374443
1757511000,25.205,25.43,24.04,24.37,46253973
1757597400,24,24.85,23.89,24.85,12512626
1757683800,24.89,25.138,24.75,24.93,9320071
1757943000,25,25.81,24.99,25.53,9603984
1758029400,25.69,26.42,25.61,26.34,9829954
1758115800,26.35,26.465,25.5803,26.1,7897132
1758202200,26.21,26.4165,25.84,25.88,7806246
1758288600,25.83,26.3889,25.79,26.08,9567601
1758547800,26,27.34,25.97,26.78,11263598
1758634200,26.905,27.24,26.59,26.8,7063968
1758720600,26.83,27.05,26.22,26.25,5508834
1758807000,25.93,26.34,25.27,25.27,8210462
1758893400,25.53,26.8,25.44,26.42,8048334
1759152600,27.2,27.21,26.79,27.21,7979038
1759239000,27.21,27.34,26.795,27.28,5392802
1759325400,27.25,27.785,27.176,27.69,8187127
1759411800,28,28.1,26.72,27.22,14525954
1759498200,26.36,26.99,25.155,25.38,11615905
1759757400,25.55,25.83,25.01,25.05,11543446
1759843800,25.05,25.24,24.305,24.35,10779916
1759930200,24.38,25.05,24.13,24.41,7183811
1760016600,24.58,24.7413,23.86,24.07,11821160
1760103000,24.08,24.2,23.28,23.3,9744316
1760362200,23.48,23.8,23.11,23.59,5772105
1760448600,23.12,23.67,22.88,23.21,4470901
1760535000,23.3,23.66,23.21,23.38,5018139
1760621400,23.3,23.53,22.86,22.95,6549759
1760707800,22.95,23.3899,22.9,23.07,6206263
1760967000,23.12,23.39,23.12,23.37,4424363
1761053400,23.08,23.34,22.8,22.8,6387180
1761139800,22.69,23.33,22.24,22.49,11012887
1761226200,22.53,23.83,22.456,23.63,10637953
1761312600,23.45,23.6,23.22,23.3,5771165
1761571800,24.5,24.54,23.44,23.53,9428707
1761658200,23.52,23.63,23.2225,23.3,7984105
1761744600,23.34,23.42,22.88,23.38,5696936
1761831000,23.17,23.27,22.56,22.58,6438442
1761917400,22.775,22.8044,22.29,22.29,4990691
1762180200,22.25,22.415,21.96,22.11,6276116
1762266600,21.87,22.27,21.58,21.98,5155852
1762353000,21.98,22.34,21.89,22.01,3885626
1762439400,21.96,22.02,21.35,21.35,5718101
1762525800,21.1,21.735,20.95,21.5,6533306
1762785000,21.67,21.81,21.3,21.49,4724873
1762871400,21.42,21.615,21.225,21.45,2856338
1762957800,21.46,21.74,21.255,21.36,4341284
1763044200,21.28,21.33,20.88,20.96,7415436
1763130600,20.65,20.99,20.41,20.66,5887642
1763389800,20.57,20.84,20.27,20.5,4968176
1763476200,20.39,20.67,20.18,20.5,3733252
1763562600,20.4,20.505,20.11,20.42,5194324
1763649000,20.55,20.69,19.93,19.94,6028877
1763735400,19.95,20.63,19.94,20.14,5514125
1763994600,20.19,20.555,20.12,20.49,5577591
1764081000,20.49,21.36,20.31,21.06,4794851
1764167400,21.18,21.83,21.11,21.63,4644241
1764340200,22.28,22.75,22.04,22.53,8789295
1764599400,22.15,23.065,22.11,22.79,7895904
1764685800,22.8,23.365,22.48,22.81,8105087
1764772200,22.91,23.28,22.715,23.21,11079696
1764858600,23.26,23.47,22.645,22.95,7195815
1764945000,23,23.07,22.53,23,5688195
1765204200,23.03,23.55,23.02,23.35,5318919
1765290600,23.25,24,23.1,23.11,9159102
1765377000,21.565,22.47,21.5,22.12,11543759
1765463400,22.02,22.18,21.53,21.86,4645586
1765549800,21.89,21.97,21.09,21.23,5365898
1765809000,21.36,22.58,21.08,22.09,8010605
1765895400,22.16,22.34,21.8,22.28,3922858
1765981800,22.29,23.17,22.27,23.03,6132226
1766068200,22.955,23.0992,22.5301,22.56,4589257
1766154600,22.58,22.64,22.2801,22.51,7379321
1766413800,22.515,22.7799,21.7,21.74,6481133
1766500200,21.66,21.683,21.13,21.38,4384537
1766586600,21.23,21.57,21.23,21.53,1781042
1766759400,21.5,21.5,20.955,21.09,3820404
1767018600,21.04,21.285,20.46,20.53,6005575
1767105000,20.525,20.695,20.35,20.5,4569480
1767191400,20.45,20.49,19.99,20.08,6422287
1767364200,20.26,20.865,20.16,20.62,4551690